-- Seed data for Auth Database with 50+ users
-- Password for all users: Test123! (bcrypt hashed)

INSERT INTO users (id, email, password, full_name, role, is_active, created_at, updated_at) VALUES
(1, 'admin@example.com', '$2a$10$N9qo8uLOickgx2ZMRZoMyeIjZAgcfl7p92ldGxad68LJZdL17lhWy', 'Admin User', 'ADMIN', true, NOW(), NOW()),
(2, 'bob.anderson2@example.com', '$2a$10$N9qo8uLOickgx2ZMRZoMyeIjZAgcfl7p92ldGxad68LJZdL17lhWy', 'Bob Anderson', 'ATTENDEE', true, NOW(), NOW()),
(3, 'alice.perez3@example.com', '$2a$10$N9qo8uLOickgx2ZMRZoMyeIjZAgcfl7p92ldGxad68LJZdL17lhWy', 'Alice Perez', 'ATTENDEE', true, NOW(), NOW()),
(4, 'charlie.smith4@example.com', '$2a$10$N9qo8uLOickgx2ZMRZoMyeIjZAgcfl7p92ldGxad68LJZdL17lhWy', 'Charlie Smith', 'ATTENDEE', true, NOW(), NOW()),
(5, 'diana.davis5@example.com', '$2a$10$N9qo8uLOickgx2ZMRZoMyeIjZAgcfl7p92ldGxad68LJZdL17lhWy', 'Diana Davis', 'ATTENDEE', true, NOW(), NOW()),
(6, 'evan.anderson6@example.com', '$2a$10$N9qo8uLOickgx2ZMRZoMyeIjZAgcfl7p92ldGxad68LJZdL17lhWy', 'Evan Anderson', 'ATTENDEE', true, NOW(), NOW()),
(7, 'fiona.perez7@example.com', '$2a$10$N9qo8uLOickgx2ZMRZoMyeIjZAgcfl7p92ldGxad68LJZdL17lhWy', 'Fiona Perez', 'ATTENDEE', true, NOW(), NOW()),
(8, 'george.smith8@example.com', '$2a$10$N9qo8uLOickgx2ZMRZoMyeIjZAgcfl7p92ldGxad68LJZdL17lhWy', 'George Smith', 'ATTENDEE', true, NOW(), NOW()),
(9, 'hannah.davis9@example.com', '$2a$10$N9qo8uLOickgx2ZMRZoMyeIjZAgcfl7p92ldGxad68LJZdL17lhWy', 'Hannah Davis', 'ATTENDEE', true, NOW(), NOW()),
(10, 'ian.anderson10@example.com', '$2a$10$N9qo8uLOickgx2ZMRZoMyeIjZAgcfl7p92ldGxad68LJZdL17lhWy', 'Ian Anderson', 'ATTENDEE', true, NOW(), NOW()),
(11, 'julia.perez11@example.com', '$2a$10$N9qo8uLOickgx2ZMRZoMyeIjZAgcfl7p92ldGxad68LJZdL17lhWy', 'Julia Perez', 'ATTENDEE', true, NOW(), NOW()),
(12, 'kevin.smith12@example.com', '$2a$10$N9qo8uLOickgx2ZMRZoMyeIjZAgcfl7p92ldGxad68LJZdL17lhWy', 'Kevin Smith', 'ATTENDEE', true, NOW(), NOW()),
(13, 'laura.davis13@example.com', '$2a$10$N9qo8uLOickgx2ZMRZoMyeIjZAgcfl7p92ldGxad68LJZdL17lhWy', 'Laura Davis', 'ATTENDEE', true, NOW(), NOW()),
(14, 'mike.anderson14@example.com', '$2a$10$N9qo8uLOickgx2ZMRZoMyeIjZAgcfl7p92ldGxad68LJZdL17lhWy', 'Mike Anderson', 'ATTENDEE', true, NOW(), NOW()),
(15, 'nancy.perez15@example.com', '$2a$10$N9qo8uLOickgx2ZMRZoMyeIjZAgcfl7p92ldGxad68LJZdL17lhWy', 'Nancy Perez', 'ATTENDEE', true, NOW(), NOW()),
(16, 'oscar.smith16@example.com', '$2a$10$N9qo8uLOickgx2ZMRZoMyeIjZAgcfl7p92ldGxad68LJZdL17lhWy', 'Oscar Smith', 'ATTENDEE', true, NOW(), NOW()),
(17, 'paula.davis17@example.com', '$2a$10$N9qo8uLOickgx2ZMRZoMyeIjZAgcfl7p92ldGxad68LJZdL17lhWy', 'Paula Davis', 'ATTENDEE', true, NOW(), NOW()),
(18, 'quinn.anderson18@example.com', '$2a$10$N9qo8uLOickgx2ZMRZoMyeIjZAgcfl7p92ldGxad68LJZdL17lhWy', 'Quinn Anderson', 'ATTENDEE', true, NOW(), NOW()),
(19, 'rachel.perez19@example.com', '$2a$10$N9qo8uLOickgx2ZMRZoMyeIjZAgcfl7p92ldGxad68LJZdL17lhWy', 'Rachel Perez', 'ATTENDEE', true, NOW(), NOW()),
(20, 'steve.smith20@example.com', '$2a$10$N9qo8uLOickgx2ZMRZoMyeIjZAgcfl7p92ldGxad68LJZdL17lhWy', 'Steve Smith', 'ATTENDEE', true, NOW(), NOW()),
(21, 'tina.davis21@example.com', '$2a$10$N9qo8uLOickgx2ZMRZoMyeIjZAgcfl7p92ldGxad68LJZdL17lhWy', 'Tina Davis', 'ATTENDEE', true, NOW(), NOW()),
(22, 'uma.anderson22@example.com', '$2a$10$N9qo8uLOickgx2ZMRZoMyeIjZAgcfl7p92ldGxad68LJZdL17lhWy', 'Uma Anderson', 'ATTENDEE', true, NOW(), NOW()),
(23, 'victor.perez23@example.com', '$2a$10$N9qo8uLOickgx2ZMRZoMyeIjZAgcfl7p92ldGxad68LJZdL17lhWy', 'Victor Perez', 'ATTENDEE', true, NOW(), NOW()),
(24, 'wendy.smith24@example.com', '$2a$10$N9qo8uLOickgx2ZMRZoMyeIjZAgcfl7p92ldGxad68LJZdL17lhWy', 'Wendy Smith', 'ATTENDEE', true, NOW(), NOW()),
(25, 'xavier.davis25@example.com', '$2a$10$N9qo8uLOickgx2ZMRZoMyeIjZAgcfl7p92ldGxad68LJZdL17lhWy', 'Xavier Davis', 'ATTENDEE', true, NOW(), NOW()),
(26, 'yara.anderson26@example.com', '$2a$10$N9qo8uLOickgx2ZMRZoMyeIjZAgcfl7p92ldGxad68LJZdL17lhWy', 'Yara Anderson', 'ATTENDEE', true, NOW(), NOW()),
(27, 'zack.perez27@example.com', '$2a$10$N9qo8uLOickgx2ZMRZoMyeIjZAgcfl7p92ldGxad68LJZdL17lhWy', 'Zack Perez', 'ATTENDEE', true, NOW(), NOW()),
(28, 'john.smith28@example.com', '$2a$10$N9qo8uLOickgx2ZMRZoMyeIjZAgcfl7p92ldGxad68LJZdL17lhWy', 'John Smith', 'ATTENDEE', true, NOW(), NOW()),
(29, 'jane.davis29@example.com', '$2a$10$N9qo8uLOickgx2ZMRZoMyeIjZAgcfl7p92ldGxad68LJZdL17lhWy', 'Jane Davis', 'ATTENDEE', true, NOW(), NOW()),
(30, 'bob.anderson30@example.com', '$2a$10$N9qo8uLOickgx2ZMRZoMyeIjZAgcfl7p92ldGxad68LJZdL17lhWy', 'Bob Anderson', 'ATTENDEE', true, NOW(), NOW()),
(31, 'alice.perez31@example.com', '$2a$10$N9qo8uLOickgx2ZMRZoMyeIjZAgcfl7p92ldGxad68LJZdL17lhWy', 'Alice Perez', 'ATTENDEE', true, NOW(), NOW()),
(32, 'charlie.smith32@example.com', '$2a$10$N9qo8uLOickgx2ZMRZoMyeIjZAgcfl7p92ldGxad68LJZdL17lhWy', 'Charlie Smith', 'ATTENDEE', true, NOW(), NOW()),
(33, 'diana.davis33@example.com', '$2a$10$N9qo8uLOickgx2ZMRZoMyeIjZAgcfl7p92ldGxad68LJZdL17lhWy', 'Diana Davis', 'ATTENDEE', true, NOW(), NOW()),
(34, 'evan.anderson34@example.com', '$2a$10$N9qo8uLOickgx2ZMRZoMyeIjZAgcfl7p92ldGxad68LJZdL17lhWy', 'Evan Anderson', 'ATTENDEE', true, NOW(), NOW()),
(35, 'fiona.perez35@example.com', '$2a$10$N9qo8uLOickgx2ZMRZoMyeIjZAgcfl7p92ldGxad68LJZdL17lhWy', 'Fiona Perez', 'ATTENDEE', true, NOW(), NOW()),
(36, 'george.smith36@example.com', '$2a$10$N9qo8uLOickgx2ZMRZoMyeIjZAgcfl7p92ldGxad68LJZdL17lhWy', 'George Smith', 'ATTENDEE', true, NOW(), NOW()),
(37, 'hannah.davis37@example.com', '$2a$10$N9qo8uLOickgx2ZMRZoMyeIjZAgcfl7p92ldGxad68LJZdL17lhWy', 'Hannah Davis', 'ATTENDEE', true, NOW(), NOW()),
(38, 'ian.anderson38@example.com', '$2a$10$N9qo8uLOickgx2ZMRZoMyeIjZAgcfl7p92ldGxad68LJZdL17lhWy', 'Ian Anderson', 'ATTENDEE', true, NOW(), NOW()),
(39, 'julia.perez39@example.com', '$2a$10$N9qo8uLOickgx2ZMRZoMyeIjZAgcfl7p92ldGxad68LJZdL17lhWy', 'Julia Perez', 'ATTENDEE', true, NOW(), NOW()),
(40, 'kevin.smith40@example.com', '$2a$10$N9qo8uLOickgx2ZMRZoMyeIjZAgcfl7p92ldGxad68LJZdL17lhWy', 'Kevin Smith', 'ATTENDEE', true, NOW(), NOW()),
(41, 'laura.davis41@example.com', '$2a$10$N9qo8uLOickgx2ZMRZoMyeIjZAgcfl7p92ldGxad68LJZdL17lhWy', 'Laura Davis', 'ATTENDEE', true, NOW(), NOW()),
(42, 'mike.anderson42@example.com', '$2a$10$N9qo8uLOickgx2ZMRZoMyeIjZAgcfl7p92ldGxad68LJZdL17lhWy', 'Mike Anderson', 'ATTENDEE', true, NOW(), NOW()),
(43, 'nancy.perez43@example.com', '$2a$10$N9qo8uLOickgx2ZMRZoMyeIjZAgcfl7p92ldGxad68LJZdL17lhWy', 'Nancy Perez', 'ATTENDEE', true, NOW(), NOW()),
(44, 'oscar.smith44@example.com', '$2a$10$N9qo8uLOickgx2ZMRZoMyeIjZAgcfl7p92ldGxad68LJZdL17lhWy', 'Oscar Smith', 'ATTENDEE', true, NOW(), NOW()),
(45, 'paula.davis45@example.com', '$2a$10$N9qo8uLOickgx2ZMRZoMyeIjZAgcfl7p92ldGxad68LJZdL17lhWy', 'Paula Davis', 'ATTENDEE', true, NOW(), NOW()),
(46, 'quinn.anderson46@example.com', '$2a$10$N9qo8uLOickgx2ZMRZoMyeIjZAgcfl7p92ldGxad68LJZdL17lhWy', 'Quinn Anderson', 'ATTENDEE', true, NOW(), NOW()),
(47, 'rachel.perez47@example.com', '$2a$10$N9qo8uLOickgx2ZMRZoMyeIjZAgcfl7p92ldGxad68LJZdL17lhWy', 'Rachel Perez', 'ATTENDEE', true, NOW(), NOW()),
(48, 'steve.smith48@example.com', '$2a$10$N9qo8uLOickgx2ZMRZoMyeIjZAgcfl7p92ldGxad68LJZdL17lhWy', 'Steve Smith', 'ATTENDEE', true, NOW(), NOW()),
(49, 'tina.davis49@example.com', '$2a$10$N9qo8uLOickgx2ZMRZoMyeIjZAgcfl7p92ldGxad68LJZdL17lhWy', 'Tina Davis', 'ATTENDEE', true, NOW(), NOW()),
(50, 'uma.anderson50@example.com', '$2a$10$N9qo8uLOickgx2ZMRZoMyeIjZAgcfl7p92ldGxad68LJZdL17lhWy', 'Uma Anderson', 'ATTENDEE', true, NOW(), NOW()),
(51, 'victor.perez51@example.com', '$2a$10$N9qo8uLOickgx2ZMRZoMyeIjZAgcfl7p92ldGxad68LJZdL17lhWy', 'Victor Perez', 'ATTENDEE', true, NOW(), NOW())
ON CONFLICT (email) DO NOTHING;

INSERT INTO profiles (user_id, phone_number, address, profile_image_url, created_at, updated_at) VALUES
(1, '+1-555-0001', '110 Market St, San Francisco, CA 94101', 'https://i.pravatar.cc/150?img=1', NOW(), NOW()),
(2, '+1-555-0002', '120 Market St, San Francisco, CA 94102', 'https://i.pravatar.cc/150?img=2', NOW(), NOW()),
(3, '+1-555-0003', '130 Market St, San Francisco, CA 94103', 'https://i.pravatar.cc/150?img=3', NOW(), NOW()),
(4, '+1-555-0004', '140 Market St, San Francisco, CA 94104', 'https://i.pravatar.cc/150?img=4', NOW(), NOW()),
(5, '+1-555-0005', '150 Market St, San Francisco, CA 94105', 'https://i.pravatar.cc/150?img=5', NOW(), NOW()),
(6, '+1-555-0006', '160 Market St, San Francisco, CA 94106', 'https://i.pravatar.cc/150?img=6', NOW(), NOW()),
(7, '+1-555-0007', '170 Market St, San Francisco, CA 94107', 'https://i.pravatar.cc/150?img=7', NOW(), NOW()),
(8, '+1-555-0008', '180 Market St, San Francisco, CA 94108', 'https://i.pravatar.cc/150?img=8', NOW(), NOW()),
(9, '+1-555-0009', '190 Market St, San Francisco, CA 94109', 'https://i.pravatar.cc/150?img=9', NOW(), NOW()),
(10, '+1-555-0010', '200 Market St, San Francisco, CA 94110', 'https://i.pravatar.cc/150?img=10', NOW(), NOW()),
(11, '+1-555-0011', '210 Market St, San Francisco, CA 94111', 'https://i.pravatar.cc/150?img=11', NOW(), NOW()),
(12, '+1-555-0012', '220 Market St, San Francisco, CA 94112', 'https://i.pravatar.cc/150?img=12', NOW(), NOW()),
(13, '+1-555-0013', '230 Market St, San Francisco, CA 94113', 'https://i.pravatar.cc/150?img=13', NOW(), NOW()),
(14, '+1-555-0014', '240 Market St, San Francisco, CA 94114', 'https://i.pravatar.cc/150?img=14', NOW(), NOW()),
(15, '+1-555-0015', '250 Market St, San Francisco, CA 94115', 'https://i.pravatar.cc/150?img=15', NOW(), NOW()),
(16, '+1-555-0016', '260 Market St, San Francisco, CA 94116', 'https://i.pravatar.cc/150?img=16', NOW(), NOW()),
(17, '+1-555-0017', '270 Market St, San Francisco, CA 94117', 'https://i.pravatar.cc/150?img=17', NOW(), NOW()),
(18, '+1-555-0018', '280 Market St, San Francisco, CA 94118', 'https://i.pravatar.cc/150?img=18', NOW(), NOW()),
(19, '+1-555-0019', '290 Market St, San Francisco, CA 94119', 'https://i.pravatar.cc/150?img=19', NOW(), NOW()),
(20, '+1-555-0020', '300 Market St, San Francisco, CA 94120', 'https://i.pravatar.cc/150?img=20', NOW(), NOW()),
(21, '+1-555-0021', '310 Market St, San Francisco, CA 94121', 'https://i.pravatar.cc/150?img=21', NOW(), NOW()),
(22, '+1-555-0022', '320 Market St, San Francisco, CA 94122', 'https://i.pravatar.cc/150?img=22', NOW(), NOW()),
(23, '+1-555-0023', '330 Market St, San Francisco, CA 94123', 'https://i.pravatar.cc/150?img=23', NOW(), NOW()),
(24, '+1-555-0024', '340 Market St, San Francisco, CA 94124', 'https://i.pravatar.cc/150?img=24', NOW(), NOW()),
(25, '+1-555-0025', '350 Market St, San Francisco, CA 94125', 'https://i.pravatar.cc/150?img=25', NOW(), NOW()),
(26, '+1-555-0026', '360 Market St, San Francisco, CA 94126', 'https://i.pravatar.cc/150?img=26', NOW(), NOW()),
(27, '+1-555-0027', '370 Market St, San Francisco, CA 94127', 'https://i.pravatar.cc/150?img=27', NOW(), NOW()),
(28, '+1-555-0028', '380 Market St, San Francisco, CA 94128', 'https://i.pravatar.cc/150?img=28', NOW(), NOW()),
(29, '+1-555-0029', '390 Market St, San Francisco, CA 94129', 'https://i.pravatar.cc/150?img=29', NOW(), NOW()),
(30, '+1-555-0030', '400 Market St, San Francisco, CA 94130', 'https://i.pravatar.cc/150?img=30', NOW(), NOW()),
(31, '+1-555-0031', '410 Market St, San Francisco, CA 94131', 'https://i.pravatar.cc/150?img=31', NOW(), NOW()),
(32, '+1-555-0032', '420 Market St, San Francisco, CA 94132', 'https://i.pravatar.cc/150?img=32', NOW(), NOW()),
(33, '+1-555-0033', '430 Market St, San Francisco, CA 94133', 'https://i.pravatar.cc/150?img=33', NOW(), NOW()),
(34, '+1-555-0034', '440 Market St, San Francisco, CA 94134', 'https://i.pravatar.cc/150?img=34', NOW(), NOW()),
(35, '+1-555-0035', '450 Market St, San Francisco, CA 94135', 'https://i.pravatar.cc/150?img=35', NOW(), NOW()),
(36, '+1-555-0036', '460 Market St, San Francisco, CA 94136', 'https://i.pravatar.cc/150?img=36', NOW(), NOW()),
(37, '+1-555-0037', '470 Market St, San Francisco, CA 94137', 'https://i.pravatar.cc/150?img=37', NOW(), NOW()),
(38, '+1-555-0038', '480 Market St, San Francisco, CA 94138', 'https://i.pravatar.cc/150?img=38', NOW(), NOW()),
(39, '+1-555-0039', '490 Market St, San Francisco, CA 94139', 'https://i.pravatar.cc/150?img=39', NOW(), NOW()),
(40, '+1-555-0040', '500 Market St, San Francisco, CA 94140', 'https://i.pravatar.cc/150?img=40', NOW(), NOW()),
(41, '+1-555-0041', '510 Market St, San Francisco, CA 94141', 'https://i.pravatar.cc/150?img=41', NOW(), NOW()),
(42, '+1-555-0042', '520 Market St, San Francisco, CA 94142', 'https://i.pravatar.cc/150?img=42', NOW(), NOW()),
(43, '+1-555-0043', '530 Market St, San Francisco, CA 94143', 'https://i.pravatar.cc/150?img=43', NOW(), NOW()),
(44, '+1-555-0044', '540 Market St, San Francisco, CA 94144', 'https://i.pravatar.cc/150?img=44', NOW(), NOW()),
(45, '+1-555-0045', '550 Market St, San Francisco, CA 94145', 'https://i.pravatar.cc/150?img=45', NOW(), NOW()),
(46, '+1-555-0046', '560 Market St, San Francisco, CA 94146', 'https://i.pravatar.cc/150?img=46', NOW(), NOW()),
(47, '+1-555-0047', '570 Market St, San Francisco, CA 94147', 'https://i.pravatar.cc/150?img=47', NOW(), NOW()),
(48, '+1-555-0048', '580 Market St, San Francisco, CA 94148', 'https://i.pravatar.cc/150?img=48', NOW(), NOW()),
(49, '+1-555-0049', '590 Market St, San Francisco, CA 94149', 'https://i.pravatar.cc/150?img=49', NOW(), NOW()),
(50, '+1-555-0050', '600 Market St, San Francisco, CA 94100', 'https://i.pravatar.cc/150?img=50', NOW(), NOW()),
(51, '+1-555-0051', '610 Market St, San Francisco, CA 94101', 'https://i.pravatar.cc/150?img=51', NOW(), NOW())
ON CONFLICT (user_id) DO NOTHING;

INSERT INTO user_event_stats (user_id, total_events_created, total_events_attended, last_updated_at) VALUES
(1, 1, 1, NOW()),
(2, 2, 2, NOW()),
(3, 3, 3, NOW()),
(4, 4, 4, NOW()),
(5, 5, 5, NOW()),
(6, 6, 6, NOW()),
(7, 7, 7, NOW()),
(8, 8, 8, NOW()),
(9, 9, 9, NOW()),
(10, 0, 10, NOW()),
(11, 1, 11, NOW()),
(12, 2, 12, NOW()),
(13, 3, 13, NOW()),
(14, 4, 14, NOW()),
(15, 5, 15, NOW()),
(16, 6, 16, NOW()),
(17, 7, 17, NOW()),
(18, 8, 18, NOW()),
(19, 9, 19, NOW()),
(20, 0, 0, NOW()),
(21, 1, 1, NOW()),
(22, 2, 2, NOW()),
(23, 3, 3, NOW()),
(24, 4, 4, NOW()),
(25, 5, 5, NOW()),
(26, 6, 6, NOW()),
(27, 7, 7, NOW()),
(28, 8, 8, NOW()),
(29, 9, 9, NOW()),
(30, 0, 10, NOW()),
(31, 1, 11, NOW()),
(32, 2, 12, NOW()),
(33, 3, 13, NOW()),
(34, 4, 14, NOW()),
(35, 5, 15, NOW()),
(36, 6, 16, NOW()),
(37, 7, 17, NOW()),
(38, 8, 18, NOW()),
(39, 9, 19, NOW()),
(40, 0, 0, NOW()),
(41, 1, 1, NOW()),
(42, 2, 2, NOW()),
(43, 3, 3, NOW()),
(44, 4, 4, NOW()),
(45, 5, 5, NOW()),
(46, 6, 6, NOW()),
(47, 7, 7, NOW()),
(48, 8, 8, NOW()),
(49, 9, 9, NOW()),
(50, 0, 10, NOW()),
(51, 1, 11, NOW())
ON CONFLICT (user_id) DO NOTHING;

SELECT setval('users_id_seq', (SELECT MAX(id) FROM users));
SELECT setval('profiles_id_seq', (SELECT MAX(id) FROM profiles));
SELECT setval('user_event_stats_id_seq', (SELECT MAX(id) FROM user_event_stats));
