-- Seed data for Event Database with 100+ events

INSERT INTO event_schema.events (id, title, description, start_date, end_date, location, organizer_id, status, created_at, updated_at, max_attendees, current_attendees) VALUES
(1, 'Startup Pitch Night 2025', 'Join us for an amazing Startup Pitch Night event. Network with professionals and learn new skills.', '2025-11-15 00:27:41', '2025-11-15 08:27:41', 'WeWork Mission St', 3, 'PUBLISHED', NOW(), NOW(), 60, 18),
(2, 'AI Workshop 2025', 'Join us for an amazing AI Workshop event. Network with professionals and learn new skills.', '2025-11-16 00:27:41', '2025-11-16 08:27:41', 'TechHub Market St', 4, 'PUBLISHED', NOW(), NOW(), 70, 22),
(3, 'Networking Mixer 2025', 'Join us for an amazing Networking Mixer event. Network with professionals and learn new skills.', '2025-11-17 00:27:41', '2025-11-17 08:27:41', 'The View Lounge', 5, 'PUBLISHED', NOW(), NOW(), 80, 26),
(4, 'Hackathon 2025', 'Join us for an amazing Hackathon event. Network with professionals and learn new skills.', '2025-11-18 00:27:41', '2025-11-18 08:27:41', 'GitHub HQ', 6, 'PUBLISHED', NOW(), NOW(), 90, 30),
(5, 'Cloud Architecture Masterclass 2025', 'Join us for an amazing Cloud Architecture Masterclass event. Network with professionals and learn new skills.', '2025-11-19 00:27:41', '2025-11-19 08:27:41', 'AWS Office', 7, 'PUBLISHED', NOW(), NOW(), 100, 35),
(6, 'Women in Tech Summit 2025', 'Join us for an amazing Women in Tech Summit event. Network with professionals and learn new skills.', '2025-11-20 00:27:41', '2025-11-20 08:27:41', 'Palace Hotel', 8, 'PUBLISHED', NOW(), NOW(), 110, 39),
(7, 'Blockchain Meetup 2025', 'Join us for an amazing Blockchain Meetup event. Network with professionals and learn new skills.', '2025-11-21 00:27:41', '2025-11-21 08:27:41', 'Coinbase Office', 9, 'PUBLISHED', NOW(), NOW(), 120, 44),
(8, 'DevOps Best Practices 2025', 'Join us for an amazing DevOps Best Practices event. Network with professionals and learn new skills.', '2025-11-22 00:27:41', '2025-11-22 08:27:41', 'Docker HQ', 10, 'PUBLISHED', NOW(), NOW(), 130, 49),
(9, 'Product Management Workshop 2025', 'Join us for an amazing Product Management Workshop event. Network with professionals and learn new skills.', '2025-11-23 00:27:41', '2025-11-23 08:27:41', 'Airbnb Office', 11, 'PUBLISHED', NOW(), NOW(), 140, 54),
(10, 'Cybersecurity Conference 2025', 'Join us for an amazing Cybersecurity Conference event. Network with professionals and learn new skills.', '2025-11-24 00:27:41', '2025-11-24 08:27:41', 'Salesforce Tower', 12, 'PUBLISHED', NOW(), NOW(), 150, 60),
(11, 'Mobile App Development 2025', 'Join us for an amazing Mobile App Development event. Network with professionals and learn new skills.', '2025-11-25 00:27:41', '2025-11-25 08:27:41', 'General Assembly', 13, 'PUBLISHED', NOW(), NOW(), 160, 65),
(12, 'Data Science Symposium 2025', 'Join us for an amazing Data Science Symposium event. Network with professionals and learn new skills.', '2025-11-26 00:27:41', '2025-11-26 08:27:41', 'IDEO Office', 14, 'PUBLISHED', NOW(), NOW(), 170, 71),
(13, 'UX/UI Design Sprint 2025', 'Join us for an amazing UX/UI Design Sprint event. Network with professionals and learn new skills.', '2025-11-27 00:27:41', '2025-11-27 08:27:41', 'Mozilla Office', 15, 'PUBLISHED', NOW(), NOW(), 180, 77),
(14, 'Founders Dinner 2025', 'Join us for an amazing Founders Dinner event. Network with professionals and learn new skills.', '2025-11-28 00:27:41', '2025-11-28 08:27:41', 'IBM Research', 16, 'PUBLISHED', NOW(), NOW(), 190, 83),
(15, 'Open Source Day 2025', 'Join us for an amazing Open Source Day event. Network with professionals and learn new skills.', '2025-11-29 00:27:41', '2025-11-29 08:27:41', 'Atlassian Office', 17, 'PUBLISHED', NOW(), NOW(), 200, 90),
(16, 'Quantum Computing Seminar 2025', 'Join us for an amazing Quantum Computing Seminar event. Network with professionals and learn new skills.', '2025-11-30 00:27:41', '2025-11-30 08:27:41', 'Fort Mason Center', 18, 'PUBLISHED', NOW(), NOW(), 210, 96),
(17, 'Agile Workshop 2025', 'Join us for an amazing Agile Workshop event. Network with professionals and learn new skills.', '2025-12-01 00:27:41', '2025-12-01 08:27:41', 'Postman Office', 19, 'PUBLISHED', NOW(), NOW(), 220, 103),
(18, 'Career Fair 2025', 'Join us for an amazing Career Fair event. Network with professionals and learn new skills.', '2025-12-02 00:27:41', '2025-12-02 08:27:41', 'Google Campus', 20, 'PUBLISHED', NOW(), NOW(), 230, 110),
(19, 'API Design Workshop 2025', 'Join us for an amazing API Design Workshop event. Network with professionals and learn new skills.', '2025-12-03 00:27:41', '2025-12-03 08:27:41', 'Meta Office', 21, 'PUBLISHED', NOW(), NOW(), 240, 117),
(20, 'Machine Learning Bootcamp 2025', 'Join us for an amazing Machine Learning Bootcamp event. Network with professionals and learn new skills.', '2025-12-04 00:27:41', '2025-12-04 08:27:41', 'Moscone Center, San Francisco', 22, 'PUBLISHED', NOW(), NOW(), 250, 125),
(21, 'Startup Weekend 2025', 'Join us for an amazing Startup Weekend event. Network with professionals and learn new skills.', '2025-12-05 00:27:41', '2025-12-05 08:27:41', 'WeWork Mission St', 23, 'PUBLISHED', NOW(), NOW(), 260, 132),
(22, 'Code Review Session 2025', 'Join us for an amazing Code Review Session event. Network with professionals and learn new skills.', '2025-12-06 00:27:41', '2025-12-06 08:27:41', 'TechHub Market St', 24, 'PUBLISHED', NOW(), NOW(), 270, 140),
(23, 'Tech Talk Series 2025', 'Join us for an amazing Tech Talk Series event. Network with professionals and learn new skills.', '2025-12-07 00:27:41', '2025-12-07 08:27:41', 'The View Lounge', 25, 'PUBLISHED', NOW(), NOW(), 280, 148),
(24, 'Innovation Summit 2025', 'Join us for an amazing Innovation Summit event. Network with professionals and learn new skills.', '2025-12-08 00:27:41', '2025-12-08 08:27:41', 'GitHub HQ', 26, 'PUBLISHED', NOW(), NOW(), 290, 156),
(25, 'Tech Conference 2025', 'Join us for an amazing Tech Conference event. Network with professionals and learn new skills.', '2025-12-09 00:27:41', '2025-12-09 08:27:41', 'AWS Office', 27, 'PUBLISHED', NOW(), NOW(), 300, 165),
(26, 'Startup Pitch Night 2025', 'Join us for an amazing Startup Pitch Night event. Network with professionals and learn new skills.', '2025-12-10 00:27:41', '2025-12-10 08:27:41', 'Palace Hotel', 28, 'PUBLISHED', NOW(), NOW(), 310, 173),
(27, 'AI Workshop 2025', 'Join us for an amazing AI Workshop event. Network with professionals and learn new skills.', '2025-12-11 00:27:41', '2025-12-11 08:27:41', 'Coinbase Office', 29, 'PUBLISHED', NOW(), NOW(), 320, 182),
(28, 'Networking Mixer 2025', 'Join us for an amazing Networking Mixer event. Network with professionals and learn new skills.', '2025-12-12 00:27:41', '2025-12-12 08:27:41', 'Docker HQ', 30, 'PUBLISHED', NOW(), NOW(), 330, 191),
(29, 'Hackathon 2025', 'Join us for an amazing Hackathon event. Network with professionals and learn new skills.', '2025-12-13 00:27:41', '2025-12-13 08:27:41', 'Airbnb Office', 31, 'PUBLISHED', NOW(), NOW(), 340, 200),
(30, 'Cloud Architecture Masterclass 2025', 'Join us for an amazing Cloud Architecture Masterclass event. Network with professionals and learn new skills.', '2025-12-14 00:27:41', '2025-12-14 08:27:41', 'Salesforce Tower', 32, 'PUBLISHED', NOW(), NOW(), 350, 210),
(31, 'Women in Tech Summit 2025', 'Join us for an amazing Women in Tech Summit event. Network with professionals and learn new skills.', '2025-12-15 00:27:41', '2025-12-15 08:27:41', 'General Assembly', 33, 'PUBLISHED', NOW(), NOW(), 360, 219),
(32, 'Blockchain Meetup 2025', 'Join us for an amazing Blockchain Meetup event. Network with professionals and learn new skills.', '2025-12-16 00:27:41', '2025-12-16 08:27:41', 'IDEO Office', 34, 'PUBLISHED', NOW(), NOW(), 370, 229),
(33, 'DevOps Best Practices 2025', 'Join us for an amazing DevOps Best Practices event. Network with professionals and learn new skills.', '2025-12-17 00:27:41', '2025-12-17 08:27:41', 'Mozilla Office', 35, 'PUBLISHED', NOW(), NOW(), 380, 239),
(34, 'Product Management Workshop 2025', 'Join us for an amazing Product Management Workshop event. Network with professionals and learn new skills.', '2025-12-18 00:27:41', '2025-12-18 08:27:41', 'IBM Research', 36, 'PUBLISHED', NOW(), NOW(), 390, 249),
(35, 'Cybersecurity Conference 2025', 'Join us for an amazing Cybersecurity Conference event. Network with professionals and learn new skills.', '2025-12-19 00:27:41', '2025-12-19 08:27:41', 'Atlassian Office', 37, 'PUBLISHED', NOW(), NOW(), 400, 260),
(36, 'Mobile App Development 2025', 'Join us for an amazing Mobile App Development event. Network with professionals and learn new skills.', '2025-12-20 00:27:41', '2025-12-20 08:27:41', 'Fort Mason Center', 38, 'PUBLISHED', NOW(), NOW(), 410, 270),
(37, 'Data Science Symposium 2025', 'Join us for an amazing Data Science Symposium event. Network with professionals and learn new skills.', '2025-12-21 00:27:41', '2025-12-21 08:27:41', 'Postman Office', 39, 'PUBLISHED', NOW(), NOW(), 420, 281),
(38, 'UX/UI Design Sprint 2025', 'Join us for an amazing UX/UI Design Sprint event. Network with professionals and learn new skills.', '2025-12-22 00:27:41', '2025-12-22 08:27:41', 'Google Campus', 40, 'PUBLISHED', NOW(), NOW(), 430, 292),
(39, 'Founders Dinner 2025', 'Join us for an amazing Founders Dinner event. Network with professionals and learn new skills.', '2025-12-23 00:27:41', '2025-12-23 08:27:41', 'Meta Office', 41, 'PUBLISHED', NOW(), NOW(), 440, 303),
(40, 'Open Source Day 2025', 'Join us for an amazing Open Source Day event. Network with professionals and learn new skills.', '2025-12-24 00:27:41', '2025-12-24 08:27:41', 'Moscone Center, San Francisco', 42, 'PUBLISHED', NOW(), NOW(), 450, 315),
(41, 'Quantum Computing Seminar 2025', 'Join us for an amazing Quantum Computing Seminar event. Network with professionals and learn new skills.', '2025-12-25 00:27:41', '2025-12-25 08:27:41', 'WeWork Mission St', 43, 'PUBLISHED', NOW(), NOW(), 460, 326),
(42, 'Agile Workshop 2025', 'Join us for an amazing Agile Workshop event. Network with professionals and learn new skills.', '2025-12-26 00:27:41', '2025-12-26 08:27:41', 'TechHub Market St', 44, 'PUBLISHED', NOW(), NOW(), 470, 338),
(43, 'Career Fair 2025', 'Join us for an amazing Career Fair event. Network with professionals and learn new skills.', '2025-12-27 00:27:41', '2025-12-27 08:27:41', 'The View Lounge', 45, 'PUBLISHED', NOW(), NOW(), 480, 350),
(44, 'API Design Workshop 2025', 'Join us for an amazing API Design Workshop event. Network with professionals and learn new skills.', '2025-12-28 00:27:41', '2025-12-28 08:27:41', 'GitHub HQ', 46, 'PUBLISHED', NOW(), NOW(), 490, 362),
(45, 'Machine Learning Bootcamp 2025', 'Join us for an amazing Machine Learning Bootcamp event. Network with professionals and learn new skills.', '2025-12-29 00:27:41', '2025-12-29 08:27:41', 'AWS Office', 47, 'PUBLISHED', NOW(), NOW(), 500, 375),
(46, 'Startup Weekend 2025', 'Join us for an amazing Startup Weekend event. Network with professionals and learn new skills.', '2025-12-30 00:27:41', '2025-12-30 08:27:41', 'Palace Hotel', 48, 'PUBLISHED', NOW(), NOW(), 510, 387),
(47, 'Code Review Session 2025', 'Join us for an amazing Code Review Session event. Network with professionals and learn new skills.', '2025-12-31 00:27:41', '2025-12-31 08:27:41', 'Coinbase Office', 49, 'PUBLISHED', NOW(), NOW(), 520, 400),
(48, 'Tech Talk Series 2025', 'Join us for an amazing Tech Talk Series event. Network with professionals and learn new skills.', '2026-01-01 00:27:41', '2026-01-01 08:27:41', 'Docker HQ', 50, 'PUBLISHED', NOW(), NOW(), 530, 413),
(49, 'Innovation Summit 2026', 'Join us for an amazing Innovation Summit event. Network with professionals and learn new skills.', '2026-01-02 00:27:41', '2026-01-02 08:27:41', 'Airbnb Office', 2, 'PUBLISHED', NOW(), NOW(), 540, 426),
(50, 'Tech Conference 2026', 'Join us for an amazing Tech Conference event. Network with professionals and learn new skills.', '2026-01-03 00:27:41', '2026-01-03 08:27:41', 'Salesforce Tower', 3, 'PUBLISHED', NOW(), NOW(), 50, 15),
(51, 'Startup Pitch Night 2026', 'Join us for an amazing Startup Pitch Night event. Network with professionals and learn new skills.', '2026-01-04 00:27:41', '2026-01-04 08:27:41', 'General Assembly', 4, 'PUBLISHED', NOW(), NOW(), 60, 18),
(52, 'AI Workshop 2026', 'Join us for an amazing AI Workshop event. Network with professionals and learn new skills.', '2026-01-05 00:27:41', '2026-01-05 08:27:41', 'IDEO Office', 5, 'PUBLISHED', NOW(), NOW(), 70, 22),
(53, 'Networking Mixer 2026', 'Join us for an amazing Networking Mixer event. Network with professionals and learn new skills.', '2026-01-06 00:27:41', '2026-01-06 08:27:41', 'Mozilla Office', 6, 'PUBLISHED', NOW(), NOW(), 80, 26),
(54, 'Hackathon 2026', 'Join us for an amazing Hackathon event. Network with professionals and learn new skills.', '2026-01-07 00:27:41', '2026-01-07 08:27:41', 'IBM Research', 7, 'PUBLISHED', NOW(), NOW(), 90, 30),
(55, 'Cloud Architecture Masterclass 2026', 'Join us for an amazing Cloud Architecture Masterclass event. Network with professionals and learn new skills.', '2026-01-08 00:27:41', '2026-01-08 08:27:41', 'Atlassian Office', 8, 'PUBLISHED', NOW(), NOW(), 100, 35),
(56, 'Women in Tech Summit 2026', 'Join us for an amazing Women in Tech Summit event. Network with professionals and learn new skills.', '2026-01-09 00:27:41', '2026-01-09 08:27:41', 'Fort Mason Center', 9, 'PUBLISHED', NOW(), NOW(), 110, 39),
(57, 'Blockchain Meetup 2026', 'Join us for an amazing Blockchain Meetup event. Network with professionals and learn new skills.', '2026-01-10 00:27:41', '2026-01-10 08:27:41', 'Postman Office', 10, 'PUBLISHED', NOW(), NOW(), 120, 44),
(58, 'DevOps Best Practices 2026', 'Join us for an amazing DevOps Best Practices event. Network with professionals and learn new skills.', '2026-01-11 00:27:41', '2026-01-11 08:27:41', 'Google Campus', 11, 'PUBLISHED', NOW(), NOW(), 130, 49),
(59, 'Product Management Workshop 2026', 'Join us for an amazing Product Management Workshop event. Network with professionals and learn new skills.', '2026-01-12 00:27:41', '2026-01-12 08:27:41', 'Meta Office', 12, 'PUBLISHED', NOW(), NOW(), 140, 54),
(60, 'Cybersecurity Conference 2026', 'Join us for an amazing Cybersecurity Conference event. Network with professionals and learn new skills.', '2026-01-13 00:27:41', '2026-01-13 08:27:41', 'Moscone Center, San Francisco', 13, 'PUBLISHED', NOW(), NOW(), 150, 60),
(61, 'Mobile App Development 2026', 'Join us for an amazing Mobile App Development event. Network with professionals and learn new skills.', '2026-01-14 00:27:41', '2026-01-14 08:27:41', 'WeWork Mission St', 14, 'PUBLISHED', NOW(), NOW(), 160, 65),
(62, 'Data Science Symposium 2026', 'Join us for an amazing Data Science Symposium event. Network with professionals and learn new skills.', '2026-01-15 00:27:41', '2026-01-15 08:27:41', 'TechHub Market St', 15, 'PUBLISHED', NOW(), NOW(), 170, 71),
(63, 'UX/UI Design Sprint 2026', 'Join us for an amazing UX/UI Design Sprint event. Network with professionals and learn new skills.', '2026-01-16 00:27:41', '2026-01-16 08:27:41', 'The View Lounge', 16, 'PUBLISHED', NOW(), NOW(), 180, 77),
(64, 'Founders Dinner 2026', 'Join us for an amazing Founders Dinner event. Network with professionals and learn new skills.', '2026-01-17 00:27:41', '2026-01-17 08:27:41', 'GitHub HQ', 17, 'PUBLISHED', NOW(), NOW(), 190, 83),
(65, 'Open Source Day 2026', 'Join us for an amazing Open Source Day event. Network with professionals and learn new skills.', '2026-01-18 00:27:41', '2026-01-18 08:27:41', 'AWS Office', 18, 'PUBLISHED', NOW(), NOW(), 200, 90),
(66, 'Quantum Computing Seminar 2026', 'Join us for an amazing Quantum Computing Seminar event. Network with professionals and learn new skills.', '2026-01-19 00:27:41', '2026-01-19 08:27:41', 'Palace Hotel', 19, 'PUBLISHED', NOW(), NOW(), 210, 96),
(67, 'Agile Workshop 2026', 'Join us for an amazing Agile Workshop event. Network with professionals and learn new skills.', '2026-01-20 00:27:41', '2026-01-20 08:27:41', 'Coinbase Office', 20, 'PUBLISHED', NOW(), NOW(), 220, 103),
(68, 'Career Fair 2026', 'Join us for an amazing Career Fair event. Network with professionals and learn new skills.', '2026-01-21 00:27:41', '2026-01-21 08:27:41', 'Docker HQ', 21, 'PUBLISHED', NOW(), NOW(), 230, 110),
(69, 'API Design Workshop 2026', 'Join us for an amazing API Design Workshop event. Network with professionals and learn new skills.', '2026-01-22 00:27:41', '2026-01-22 08:27:41', 'Airbnb Office', 22, 'PUBLISHED', NOW(), NOW(), 240, 117),
(70, 'Machine Learning Bootcamp 2026', 'Join us for an amazing Machine Learning Bootcamp event. Network with professionals and learn new skills.', '2026-01-23 00:27:41', '2026-01-23 08:27:41', 'Salesforce Tower', 23, 'PUBLISHED', NOW(), NOW(), 250, 125),
(71, 'Startup Weekend 2026', 'Join us for an amazing Startup Weekend event. Network with professionals and learn new skills.', '2026-01-24 00:27:41', '2026-01-24 08:27:41', 'General Assembly', 24, 'PUBLISHED', NOW(), NOW(), 260, 132),
(72, 'Code Review Session 2026', 'Join us for an amazing Code Review Session event. Network with professionals and learn new skills.', '2026-01-25 00:27:41', '2026-01-25 08:27:41', 'IDEO Office', 25, 'PUBLISHED', NOW(), NOW(), 270, 140),
(73, 'Tech Talk Series 2026', 'Join us for an amazing Tech Talk Series event. Network with professionals and learn new skills.', '2026-01-26 00:27:41', '2026-01-26 08:27:41', 'Mozilla Office', 26, 'PUBLISHED', NOW(), NOW(), 280, 148),
(74, 'Innovation Summit 2026', 'Join us for an amazing Innovation Summit event. Network with professionals and learn new skills.', '2026-01-27 00:27:41', '2026-01-27 08:27:41', 'IBM Research', 27, 'PUBLISHED', NOW(), NOW(), 290, 156),
(75, 'Tech Conference 2026', 'Join us for an amazing Tech Conference event. Network with professionals and learn new skills.', '2026-01-28 00:27:41', '2026-01-28 08:27:41', 'Atlassian Office', 28, 'PUBLISHED', NOW(), NOW(), 300, 165),
(76, 'Startup Pitch Night 2026', 'Join us for an amazing Startup Pitch Night event. Network with professionals and learn new skills.', '2026-01-29 00:27:41', '2026-01-29 08:27:41', 'Fort Mason Center', 29, 'PUBLISHED', NOW(), NOW(), 310, 173),
(77, 'AI Workshop 2026', 'Join us for an amazing AI Workshop event. Network with professionals and learn new skills.', '2026-01-30 00:27:41', '2026-01-30 08:27:41', 'Postman Office', 30, 'PUBLISHED', NOW(), NOW(), 320, 182),
(78, 'Networking Mixer 2026', 'Join us for an amazing Networking Mixer event. Network with professionals and learn new skills.', '2026-01-31 00:27:41', '2026-01-31 08:27:41', 'Google Campus', 31, 'PUBLISHED', NOW(), NOW(), 330, 191),
(79, 'Hackathon 2026', 'Join us for an amazing Hackathon event. Network with professionals and learn new skills.', '2026-02-01 00:27:41', '2026-02-01 08:27:41', 'Meta Office', 32, 'PUBLISHED', NOW(), NOW(), 340, 200),
(80, 'Cloud Architecture Masterclass 2026', 'Join us for an amazing Cloud Architecture Masterclass event. Network with professionals and learn new skills.', '2026-02-02 00:27:41', '2026-02-02 08:27:41', 'Moscone Center, San Francisco', 33, 'PUBLISHED', NOW(), NOW(), 350, 210),
(81, 'Women in Tech Summit 2026', 'Join us for an amazing Women in Tech Summit event. Network with professionals and learn new skills.', '2026-02-03 00:27:41', '2026-02-03 08:27:41', 'WeWork Mission St', 34, 'PUBLISHED', NOW(), NOW(), 360, 219),
(82, 'Blockchain Meetup 2026', 'Join us for an amazing Blockchain Meetup event. Network with professionals and learn new skills.', '2026-02-04 00:27:41', '2026-02-04 08:27:41', 'TechHub Market St', 35, 'PUBLISHED', NOW(), NOW(), 370, 229),
(83, 'DevOps Best Practices 2026', 'Join us for an amazing DevOps Best Practices event. Network with professionals and learn new skills.', '2026-02-05 00:27:41', '2026-02-05 08:27:41', 'The View Lounge', 36, 'PUBLISHED', NOW(), NOW(), 380, 239),
(84, 'Product Management Workshop 2026', 'Join us for an amazing Product Management Workshop event. Network with professionals and learn new skills.', '2026-02-06 00:27:41', '2026-02-06 08:27:42', 'GitHub HQ', 37, 'PUBLISHED', NOW(), NOW(), 390, 249),
(85, 'Cybersecurity Conference 2026', 'Join us for an amazing Cybersecurity Conference event. Network with professionals and learn new skills.', '2026-02-07 00:27:42', '2026-02-07 08:27:42', 'AWS Office', 38, 'PUBLISHED', NOW(), NOW(), 400, 260),
(86, 'Mobile App Development 2026', 'Join us for an amazing Mobile App Development event. Network with professionals and learn new skills.', '2026-02-08 00:27:42', '2026-02-08 08:27:42', 'Palace Hotel', 39, 'PUBLISHED', NOW(), NOW(), 410, 270),
(87, 'Data Science Symposium 2026', 'Join us for an amazing Data Science Symposium event. Network with professionals and learn new skills.', '2026-02-09 00:27:42', '2026-02-09 08:27:42', 'Coinbase Office', 40, 'PUBLISHED', NOW(), NOW(), 420, 281),
(88, 'UX/UI Design Sprint 2026', 'Join us for an amazing UX/UI Design Sprint event. Network with professionals and learn new skills.', '2026-02-10 00:27:42', '2026-02-10 08:27:42', 'Docker HQ', 41, 'PUBLISHED', NOW(), NOW(), 430, 292),
(89, 'Founders Dinner 2026', 'Join us for an amazing Founders Dinner event. Network with professionals and learn new skills.', '2026-02-11 00:27:42', '2026-02-11 08:27:42', 'Airbnb Office', 42, 'PUBLISHED', NOW(), NOW(), 440, 303),
(90, 'Open Source Day 2026', 'Join us for an amazing Open Source Day event. Network with professionals and learn new skills.', '2026-02-12 00:27:42', '2026-02-12 08:27:42', 'Salesforce Tower', 43, 'PUBLISHED', NOW(), NOW(), 450, 315),
(91, 'Quantum Computing Seminar 2026', 'Join us for an amazing Quantum Computing Seminar event. Network with professionals and learn new skills.', '2026-02-13 00:27:42', '2026-02-13 08:27:42', 'General Assembly', 44, 'PUBLISHED', NOW(), NOW(), 460, 326),
(92, 'Agile Workshop 2026', 'Join us for an amazing Agile Workshop event. Network with professionals and learn new skills.', '2026-02-14 00:27:42', '2026-02-14 08:27:42', 'IDEO Office', 45, 'PUBLISHED', NOW(), NOW(), 470, 338),
(93, 'Career Fair 2026', 'Join us for an amazing Career Fair event. Network with professionals and learn new skills.', '2026-02-15 00:27:42', '2026-02-15 08:27:42', 'Mozilla Office', 46, 'PUBLISHED', NOW(), NOW(), 480, 350),
(94, 'API Design Workshop 2026', 'Join us for an amazing API Design Workshop event. Network with professionals and learn new skills.', '2026-02-16 00:27:42', '2026-02-16 08:27:42', 'IBM Research', 47, 'PUBLISHED', NOW(), NOW(), 490, 362),
(95, 'Machine Learning Bootcamp 2026', 'Join us for an amazing Machine Learning Bootcamp event. Network with professionals and learn new skills.', '2026-02-17 00:27:42', '2026-02-17 08:27:42', 'Atlassian Office', 48, 'PUBLISHED', NOW(), NOW(), 500, 375),
(96, 'Startup Weekend 2026', 'Join us for an amazing Startup Weekend event. Network with professionals and learn new skills.', '2026-02-18 00:27:42', '2026-02-18 08:27:42', 'Fort Mason Center', 49, 'PUBLISHED', NOW(), NOW(), 510, 387),
(97, 'Code Review Session 2026', 'Join us for an amazing Code Review Session event. Network with professionals and learn new skills.', '2026-02-19 00:27:42', '2026-02-19 08:27:42', 'Postman Office', 50, 'PUBLISHED', NOW(), NOW(), 520, 400),
(98, 'Tech Talk Series 2026', 'Join us for an amazing Tech Talk Series event. Network with professionals and learn new skills.', '2026-02-20 00:27:42', '2026-02-20 08:27:42', 'Google Campus', 2, 'PUBLISHED', NOW(), NOW(), 530, 413),
(99, 'Innovation Summit 2026', 'Join us for an amazing Innovation Summit event. Network with professionals and learn new skills.', '2026-02-21 00:27:42', '2026-02-21 08:27:42', 'Meta Office', 3, 'PUBLISHED', NOW(), NOW(), 540, 426),
(100, 'Tech Conference 2026', 'Join us for an amazing Tech Conference event. Network with professionals and learn new skills.', '2026-02-22 00:27:42', '2026-02-22 08:27:42', 'Moscone Center, San Francisco', 4, 'PUBLISHED', NOW(), NOW(), 50, 15)
ON CONFLICT (id) DO NOTHING;

INSERT INTO event_schema.event_categories (event_id, category) VALUES
(1, 'BUSINESS'), (1, 'CONFERENCE'),
(2, 'NETWORKING'), (2, 'SOCIAL'),
(3, 'WORKSHOP'), (3, 'HACKATHON'),
(4, 'CONFERENCE'), (4, 'DESIGN'),
(5, 'SOCIAL'), (5, 'TECHNOLOGY'),
(6, 'HACKATHON'), (6, 'BUSINESS'),
(7, 'DESIGN'), (7, 'NETWORKING'),
(8, 'TECHNOLOGY'), (8, 'WORKSHOP'),
(9, 'BUSINESS'), (9, 'CONFERENCE'),
(10, 'NETWORKING'), (10, 'SOCIAL'),
(11, 'WORKSHOP'), (11, 'HACKATHON'),
(12, 'CONFERENCE'), (12, 'DESIGN'),
(13, 'SOCIAL'), (13, 'TECHNOLOGY'),
(14, 'HACKATHON'), (14, 'BUSINESS'),
(15, 'DESIGN'), (15, 'NETWORKING'),
(16, 'TECHNOLOGY'), (16, 'WORKSHOP'),
(17, 'BUSINESS'), (17, 'CONFERENCE'),
(18, 'NETWORKING'), (18, 'SOCIAL'),
(19, 'WORKSHOP'), (19, 'HACKATHON'),
(20, 'CONFERENCE'), (20, 'DESIGN'),
(21, 'SOCIAL'), (21, 'TECHNOLOGY'),
(22, 'HACKATHON'), (22, 'BUSINESS'),
(23, 'DESIGN'), (23, 'NETWORKING'),
(24, 'TECHNOLOGY'), (24, 'WORKSHOP'),
(25, 'BUSINESS'), (25, 'CONFERENCE'),
(26, 'NETWORKING'), (26, 'SOCIAL'),
(27, 'WORKSHOP'), (27, 'HACKATHON'),
(28, 'CONFERENCE'), (28, 'DESIGN'),
(29, 'SOCIAL'), (29, 'TECHNOLOGY'),
(30, 'HACKATHON'), (30, 'BUSINESS'),
(31, 'DESIGN'), (31, 'NETWORKING'),
(32, 'TECHNOLOGY'), (32, 'WORKSHOP'),
(33, 'BUSINESS'), (33, 'CONFERENCE'),
(34, 'NETWORKING'), (34, 'SOCIAL'),
(35, 'WORKSHOP'), (35, 'HACKATHON'),
(36, 'CONFERENCE'), (36, 'DESIGN'),
(37, 'SOCIAL'), (37, 'TECHNOLOGY'),
(38, 'HACKATHON'), (38, 'BUSINESS'),
(39, 'DESIGN'), (39, 'NETWORKING'),
(40, 'TECHNOLOGY'), (40, 'WORKSHOP'),
(41, 'BUSINESS'), (41, 'CONFERENCE'),
(42, 'NETWORKING'), (42, 'SOCIAL'),
(43, 'WORKSHOP'), (43, 'HACKATHON'),
(44, 'CONFERENCE'), (44, 'DESIGN'),
(45, 'SOCIAL'), (45, 'TECHNOLOGY'),
(46, 'HACKATHON'), (46, 'BUSINESS'),
(47, 'DESIGN'), (47, 'NETWORKING'),
(48, 'TECHNOLOGY'), (48, 'WORKSHOP'),
(49, 'BUSINESS'), (49, 'CONFERENCE'),
(50, 'NETWORKING'), (50, 'SOCIAL'),
(51, 'WORKSHOP'), (51, 'HACKATHON'),
(52, 'CONFERENCE'), (52, 'DESIGN'),
(53, 'SOCIAL'), (53, 'TECHNOLOGY'),
(54, 'HACKATHON'), (54, 'BUSINESS'),
(55, 'DESIGN'), (55, 'NETWORKING'),
(56, 'TECHNOLOGY'), (56, 'WORKSHOP'),
(57, 'BUSINESS'), (57, 'CONFERENCE'),
(58, 'NETWORKING'), (58, 'SOCIAL'),
(59, 'WORKSHOP'), (59, 'HACKATHON'),
(60, 'CONFERENCE'), (60, 'DESIGN'),
(61, 'SOCIAL'), (61, 'TECHNOLOGY'),
(62, 'HACKATHON'), (62, 'BUSINESS'),
(63, 'DESIGN'), (63, 'NETWORKING'),
(64, 'TECHNOLOGY'), (64, 'WORKSHOP'),
(65, 'BUSINESS'), (65, 'CONFERENCE'),
(66, 'NETWORKING'), (66, 'SOCIAL'),
(67, 'WORKSHOP'), (67, 'HACKATHON'),
(68, 'CONFERENCE'), (68, 'DESIGN'),
(69, 'SOCIAL'), (69, 'TECHNOLOGY'),
(70, 'HACKATHON'), (70, 'BUSINESS'),
(71, 'DESIGN'), (71, 'NETWORKING'),
(72, 'TECHNOLOGY'), (72, 'WORKSHOP'),
(73, 'BUSINESS'), (73, 'CONFERENCE'),
(74, 'NETWORKING'), (74, 'SOCIAL'),
(75, 'WORKSHOP'), (75, 'HACKATHON'),
(76, 'CONFERENCE'), (76, 'DESIGN'),
(77, 'SOCIAL'), (77, 'TECHNOLOGY'),
(78, 'HACKATHON'), (78, 'BUSINESS'),
(79, 'DESIGN'), (79, 'NETWORKING'),
(80, 'TECHNOLOGY'), (80, 'WORKSHOP'),
(81, 'BUSINESS'), (81, 'CONFERENCE'),
(82, 'NETWORKING'), (82, 'SOCIAL'),
(83, 'WORKSHOP'), (83, 'HACKATHON'),
(84, 'CONFERENCE'), (84, 'DESIGN'),
(85, 'SOCIAL'), (85, 'TECHNOLOGY'),
(86, 'HACKATHON'), (86, 'BUSINESS'),
(87, 'DESIGN'), (87, 'NETWORKING'),
(88, 'TECHNOLOGY'), (88, 'WORKSHOP'),
(89, 'BUSINESS'), (89, 'CONFERENCE'),
(90, 'NETWORKING'), (90, 'SOCIAL'),
(91, 'WORKSHOP'), (91, 'HACKATHON'),
(92, 'CONFERENCE'), (92, 'DESIGN'),
(93, 'SOCIAL'), (93, 'TECHNOLOGY'),
(94, 'HACKATHON'), (94, 'BUSINESS'),
(95, 'DESIGN'), (95, 'NETWORKING'),
(96, 'TECHNOLOGY'), (96, 'WORKSHOP'),
(97, 'BUSINESS'), (97, 'CONFERENCE'),
(98, 'NETWORKING'), (98, 'SOCIAL'),
(99, 'WORKSHOP'), (99, 'HACKATHON'),
(100, 'CONFERENCE'), (100, 'DESIGN')
ON CONFLICT DO NOTHING;

INSERT INTO event_schema.event_attendees (event_id, user_id, registration_date, attendance_status) VALUES
(1, 3, NOW() - INTERVAL '2 days', 'CONFIRMED'),
(1, 4, NOW() - INTERVAL '3 days', 'CONFIRMED'),
(1, 5, NOW() - INTERVAL '4 days', 'CONFIRMED'),
(1, 6, NOW() - INTERVAL '5 days', 'CONFIRMED'),
(1, 7, NOW() - INTERVAL '6 days', 'CONFIRMED'),
(1, 8, NOW() - INTERVAL '7 days', 'CONFIRMED'),
(2, 4, NOW() - INTERVAL '2 days', 'CONFIRMED'),
(2, 6, NOW() - INTERVAL '3 days', 'CONFIRMED'),
(2, 8, NOW() - INTERVAL '4 days', 'CONFIRMED'),
(2, 10, NOW() - INTERVAL '5 days', 'CONFIRMED'),
(2, 12, NOW() - INTERVAL '6 days', 'CONFIRMED'),
(2, 14, NOW() - INTERVAL '7 days', 'CONFIRMED'),
(2, 16, NOW() - INTERVAL '8 days', 'CONFIRMED'),
(3, 5, NOW() - INTERVAL '2 days', 'CONFIRMED'),
(3, 8, NOW() - INTERVAL '3 days', 'CONFIRMED'),
(3, 11, NOW() - INTERVAL '4 days', 'CONFIRMED'),
(3, 14, NOW() - INTERVAL '5 days', 'CONFIRMED'),
(3, 17, NOW() - INTERVAL '6 days', 'CONFIRMED'),
(3, 20, NOW() - INTERVAL '7 days', 'CONFIRMED'),
(3, 23, NOW() - INTERVAL '8 days', 'CONFIRMED'),
(3, 26, NOW() - INTERVAL '9 days', 'CONFIRMED'),
(4, 6, NOW() - INTERVAL '2 days', 'CONFIRMED'),
(4, 10, NOW() - INTERVAL '3 days', 'CONFIRMED'),
(4, 14, NOW() - INTERVAL '4 days', 'CONFIRMED'),
(4, 18, NOW() - INTERVAL '5 days', 'CONFIRMED'),
(4, 22, NOW() - INTERVAL '6 days', 'CONFIRMED'),
(4, 26, NOW() - INTERVAL '7 days', 'CONFIRMED'),
(4, 30, NOW() - INTERVAL '8 days', 'CONFIRMED'),
(4, 34, NOW() - INTERVAL '9 days', 'CONFIRMED'),
(4, 38, NOW() - INTERVAL '10 days', 'CONFIRMED'),
(5, 7, NOW() - INTERVAL '2 days', 'CONFIRMED'),
(5, 12, NOW() - INTERVAL '3 days', 'CONFIRMED'),
(5, 17, NOW() - INTERVAL '4 days', 'CONFIRMED'),
(5, 22, NOW() - INTERVAL '5 days', 'CONFIRMED'),
(5, 27, NOW() - INTERVAL '6 days', 'CONFIRMED'),
(5, 32, NOW() - INTERVAL '7 days', 'CONFIRMED'),
(5, 37, NOW() - INTERVAL '8 days', 'CONFIRMED'),
(5, 42, NOW() - INTERVAL '9 days', 'CONFIRMED'),
(5, 47, NOW() - INTERVAL '10 days', 'CONFIRMED'),
(5, 3, NOW() - INTERVAL '11 days', 'CONFIRMED'),
(6, 8, NOW() - INTERVAL '2 days', 'CONFIRMED'),
(6, 14, NOW() - INTERVAL '3 days', 'CONFIRMED'),
(6, 20, NOW() - INTERVAL '4 days', 'CONFIRMED'),
(6, 26, NOW() - INTERVAL '5 days', 'CONFIRMED'),
(6, 32, NOW() - INTERVAL '6 days', 'CONFIRMED'),
(6, 38, NOW() - INTERVAL '7 days', 'CONFIRMED'),
(6, 44, NOW() - INTERVAL '8 days', 'CONFIRMED'),
(6, 50, NOW() - INTERVAL '9 days', 'CONFIRMED'),
(6, 7, NOW() - INTERVAL '10 days', 'CONFIRMED'),
(6, 13, NOW() - INTERVAL '11 days', 'CONFIRMED'),
(6, 19, NOW() - INTERVAL '12 days', 'CONFIRMED'),
(7, 9, NOW() - INTERVAL '2 days', 'CONFIRMED'),
(7, 16, NOW() - INTERVAL '3 days', 'CONFIRMED'),
(7, 23, NOW() - INTERVAL '4 days', 'CONFIRMED'),
(7, 30, NOW() - INTERVAL '5 days', 'CONFIRMED'),
(7, 37, NOW() - INTERVAL '6 days', 'CONFIRMED'),
(7, 44, NOW() - INTERVAL '7 days', 'CONFIRMED'),
(7, 2, NOW() - INTERVAL '8 days', 'CONFIRMED'),
(7, 9, NOW() - INTERVAL '9 days', 'CONFIRMED'),
(7, 16, NOW() - INTERVAL '10 days', 'CONFIRMED'),
(7, 23, NOW() - INTERVAL '11 days', 'CONFIRMED'),
(7, 30, NOW() - INTERVAL '12 days', 'CONFIRMED'),
(7, 37, NOW() - INTERVAL '13 days', 'CONFIRMED'),
(8, 10, NOW() - INTERVAL '2 days', 'CONFIRMED'),
(8, 18, NOW() - INTERVAL '3 days', 'CONFIRMED'),
(8, 26, NOW() - INTERVAL '4 days', 'CONFIRMED'),
(8, 34, NOW() - INTERVAL '5 days', 'CONFIRMED'),
(8, 42, NOW() - INTERVAL '6 days', 'CONFIRMED'),
(8, 50, NOW() - INTERVAL '7 days', 'CONFIRMED'),
(8, 9, NOW() - INTERVAL '8 days', 'CONFIRMED'),
(8, 17, NOW() - INTERVAL '9 days', 'CONFIRMED'),
(8, 25, NOW() - INTERVAL '10 days', 'CONFIRMED'),
(8, 33, NOW() - INTERVAL '11 days', 'CONFIRMED'),
(8, 41, NOW() - INTERVAL '12 days', 'CONFIRMED'),
(8, 49, NOW() - INTERVAL '13 days', 'CONFIRMED'),
(8, 8, NOW() - INTERVAL '14 days', 'CONFIRMED'),
(9, 11, NOW() - INTERVAL '2 days', 'CONFIRMED'),
(9, 20, NOW() - INTERVAL '3 days', 'CONFIRMED'),
(9, 29, NOW() - INTERVAL '4 days', 'CONFIRMED'),
(9, 38, NOW() - INTERVAL '5 days', 'CONFIRMED'),
(9, 47, NOW() - INTERVAL '6 days', 'CONFIRMED'),
(9, 7, NOW() - INTERVAL '7 days', 'CONFIRMED'),
(9, 16, NOW() - INTERVAL '8 days', 'CONFIRMED'),
(9, 25, NOW() - INTERVAL '9 days', 'CONFIRMED'),
(9, 34, NOW() - INTERVAL '10 days', 'CONFIRMED'),
(9, 43, NOW() - INTERVAL '11 days', 'CONFIRMED'),
(9, 3, NOW() - INTERVAL '12 days', 'CONFIRMED'),
(9, 12, NOW() - INTERVAL '13 days', 'CONFIRMED'),
(9, 21, NOW() - INTERVAL '14 days', 'CONFIRMED'),
(9, 30, NOW() - INTERVAL '15 days', 'CONFIRMED'),
(10, 12, NOW() - INTERVAL '2 days', 'CONFIRMED'),
(10, 22, NOW() - INTERVAL '3 days', 'CONFIRMED'),
(10, 32, NOW() - INTERVAL '4 days', 'CONFIRMED'),
(10, 42, NOW() - INTERVAL '5 days', 'CONFIRMED'),
(10, 3, NOW() - INTERVAL '6 days', 'CONFIRMED'),
(10, 13, NOW() - INTERVAL '7 days', 'CONFIRMED'),
(10, 23, NOW() - INTERVAL '8 days', 'CONFIRMED'),
(10, 33, NOW() - INTERVAL '9 days', 'CONFIRMED'),
(10, 43, NOW() - INTERVAL '10 days', 'CONFIRMED'),
(10, 4, NOW() - INTERVAL '11 days', 'CONFIRMED'),
(10, 14, NOW() - INTERVAL '12 days', 'CONFIRMED'),
(10, 24, NOW() - INTERVAL '13 days', 'CONFIRMED'),
(10, 34, NOW() - INTERVAL '14 days', 'CONFIRMED'),
(10, 44, NOW() - INTERVAL '15 days', 'CONFIRMED'),
(10, 5, NOW() - INTERVAL '16 days', 'CONFIRMED'),
(11, 13, NOW() - INTERVAL '2 days', 'CONFIRMED'),
(11, 24, NOW() - INTERVAL '3 days', 'CONFIRMED'),
(11, 35, NOW() - INTERVAL '4 days', 'CONFIRMED'),
(11, 46, NOW() - INTERVAL '5 days', 'CONFIRMED'),
(11, 8, NOW() - INTERVAL '6 days', 'CONFIRMED'),
(11, 19, NOW() - INTERVAL '7 days', 'CONFIRMED'),
(11, 30, NOW() - INTERVAL '8 days', 'CONFIRMED'),
(11, 41, NOW() - INTERVAL '9 days', 'CONFIRMED'),
(11, 3, NOW() - INTERVAL '10 days', 'CONFIRMED'),
(11, 14, NOW() - INTERVAL '11 days', 'CONFIRMED'),
(11, 25, NOW() - INTERVAL '12 days', 'CONFIRMED'),
(11, 36, NOW() - INTERVAL '13 days', 'CONFIRMED'),
(11, 47, NOW() - INTERVAL '14 days', 'CONFIRMED'),
(11, 9, NOW() - INTERVAL '15 days', 'CONFIRMED'),
(11, 20, NOW() - INTERVAL '16 days', 'CONFIRMED'),
(11, 31, NOW() - INTERVAL '17 days', 'CONFIRMED'),
(12, 14, NOW() - INTERVAL '2 days', 'CONFIRMED'),
(12, 26, NOW() - INTERVAL '3 days', 'CONFIRMED'),
(12, 38, NOW() - INTERVAL '4 days', 'CONFIRMED'),
(12, 50, NOW() - INTERVAL '5 days', 'CONFIRMED'),
(12, 13, NOW() - INTERVAL '6 days', 'CONFIRMED'),
(12, 25, NOW() - INTERVAL '7 days', 'CONFIRMED'),
(12, 37, NOW() - INTERVAL '8 days', 'CONFIRMED'),
(12, 49, NOW() - INTERVAL '9 days', 'CONFIRMED'),
(12, 12, NOW() - INTERVAL '10 days', 'CONFIRMED'),
(12, 24, NOW() - INTERVAL '11 days', 'CONFIRMED'),
(12, 36, NOW() - INTERVAL '12 days', 'CONFIRMED'),
(12, 48, NOW() - INTERVAL '13 days', 'CONFIRMED'),
(12, 11, NOW() - INTERVAL '14 days', 'CONFIRMED'),
(12, 23, NOW() - INTERVAL '15 days', 'CONFIRMED'),
(12, 35, NOW() - INTERVAL '16 days', 'CONFIRMED'),
(12, 47, NOW() - INTERVAL '17 days', 'CONFIRMED'),
(12, 10, NOW() - INTERVAL '18 days', 'CONFIRMED'),
(13, 15, NOW() - INTERVAL '2 days', 'CONFIRMED'),
(13, 28, NOW() - INTERVAL '3 days', 'CONFIRMED'),
(13, 41, NOW() - INTERVAL '4 days', 'CONFIRMED'),
(13, 5, NOW() - INTERVAL '5 days', 'CONFIRMED'),
(13, 18, NOW() - INTERVAL '6 days', 'CONFIRMED'),
(13, 31, NOW() - INTERVAL '7 days', 'CONFIRMED'),
(13, 44, NOW() - INTERVAL '8 days', 'CONFIRMED'),
(13, 8, NOW() - INTERVAL '9 days', 'CONFIRMED'),
(13, 21, NOW() - INTERVAL '10 days', 'CONFIRMED'),
(13, 34, NOW() - INTERVAL '11 days', 'CONFIRMED'),
(13, 47, NOW() - INTERVAL '12 days', 'CONFIRMED'),
(13, 11, NOW() - INTERVAL '13 days', 'CONFIRMED'),
(13, 24, NOW() - INTERVAL '14 days', 'CONFIRMED'),
(13, 37, NOW() - INTERVAL '15 days', 'CONFIRMED'),
(13, 50, NOW() - INTERVAL '16 days', 'CONFIRMED'),
(13, 14, NOW() - INTERVAL '17 days', 'CONFIRMED'),
(13, 27, NOW() - INTERVAL '18 days', 'CONFIRMED'),
(13, 40, NOW() - INTERVAL '19 days', 'CONFIRMED'),
(14, 16, NOW() - INTERVAL '2 days', 'CONFIRMED'),
(14, 30, NOW() - INTERVAL '3 days', 'CONFIRMED'),
(14, 44, NOW() - INTERVAL '4 days', 'CONFIRMED'),
(14, 9, NOW() - INTERVAL '5 days', 'CONFIRMED'),
(14, 23, NOW() - INTERVAL '6 days', 'CONFIRMED'),
(14, 37, NOW() - INTERVAL '7 days', 'CONFIRMED'),
(14, 2, NOW() - INTERVAL '8 days', 'CONFIRMED'),
(14, 16, NOW() - INTERVAL '9 days', 'CONFIRMED'),
(14, 30, NOW() - INTERVAL '10 days', 'CONFIRMED'),
(14, 44, NOW() - INTERVAL '11 days', 'CONFIRMED'),
(14, 9, NOW() - INTERVAL '12 days', 'CONFIRMED'),
(14, 23, NOW() - INTERVAL '13 days', 'CONFIRMED'),
(14, 37, NOW() - INTERVAL '14 days', 'CONFIRMED'),
(14, 2, NOW() - INTERVAL '15 days', 'CONFIRMED'),
(14, 16, NOW() - INTERVAL '16 days', 'CONFIRMED'),
(14, 30, NOW() - INTERVAL '17 days', 'CONFIRMED'),
(14, 44, NOW() - INTERVAL '18 days', 'CONFIRMED'),
(14, 9, NOW() - INTERVAL '19 days', 'CONFIRMED'),
(14, 23, NOW() - INTERVAL '20 days', 'CONFIRMED'),
(15, 17, NOW() - INTERVAL '2 days', 'CONFIRMED'),
(15, 32, NOW() - INTERVAL '3 days', 'CONFIRMED'),
(15, 47, NOW() - INTERVAL '4 days', 'CONFIRMED'),
(15, 13, NOW() - INTERVAL '5 days', 'CONFIRMED'),
(15, 28, NOW() - INTERVAL '6 days', 'CONFIRMED'),
(16, 18, NOW() - INTERVAL '2 days', 'CONFIRMED'),
(16, 34, NOW() - INTERVAL '3 days', 'CONFIRMED'),
(16, 50, NOW() - INTERVAL '4 days', 'CONFIRMED'),
(16, 17, NOW() - INTERVAL '5 days', 'CONFIRMED'),
(16, 33, NOW() - INTERVAL '6 days', 'CONFIRMED'),
(16, 49, NOW() - INTERVAL '7 days', 'CONFIRMED'),
(17, 19, NOW() - INTERVAL '2 days', 'CONFIRMED'),
(17, 36, NOW() - INTERVAL '3 days', 'CONFIRMED'),
(17, 4, NOW() - INTERVAL '4 days', 'CONFIRMED'),
(17, 21, NOW() - INTERVAL '5 days', 'CONFIRMED'),
(17, 38, NOW() - INTERVAL '6 days', 'CONFIRMED'),
(17, 6, NOW() - INTERVAL '7 days', 'CONFIRMED'),
(17, 23, NOW() - INTERVAL '8 days', 'CONFIRMED'),
(18, 20, NOW() - INTERVAL '2 days', 'CONFIRMED'),
(18, 38, NOW() - INTERVAL '3 days', 'CONFIRMED'),
(18, 7, NOW() - INTERVAL '4 days', 'CONFIRMED'),
(18, 25, NOW() - INTERVAL '5 days', 'CONFIRMED'),
(18, 43, NOW() - INTERVAL '6 days', 'CONFIRMED'),
(18, 12, NOW() - INTERVAL '7 days', 'CONFIRMED'),
(18, 30, NOW() - INTERVAL '8 days', 'CONFIRMED'),
(18, 48, NOW() - INTERVAL '9 days', 'CONFIRMED'),
(19, 21, NOW() - INTERVAL '2 days', 'CONFIRMED'),
(19, 40, NOW() - INTERVAL '3 days', 'CONFIRMED'),
(19, 10, NOW() - INTERVAL '4 days', 'CONFIRMED'),
(19, 29, NOW() - INTERVAL '5 days', 'CONFIRMED'),
(19, 48, NOW() - INTERVAL '6 days', 'CONFIRMED'),
(19, 18, NOW() - INTERVAL '7 days', 'CONFIRMED'),
(19, 37, NOW() - INTERVAL '8 days', 'CONFIRMED'),
(19, 7, NOW() - INTERVAL '9 days', 'CONFIRMED'),
(19, 26, NOW() - INTERVAL '10 days', 'CONFIRMED'),
(20, 22, NOW() - INTERVAL '2 days', 'CONFIRMED'),
(20, 42, NOW() - INTERVAL '3 days', 'CONFIRMED'),
(20, 13, NOW() - INTERVAL '4 days', 'CONFIRMED'),
(20, 33, NOW() - INTERVAL '5 days', 'CONFIRMED'),
(20, 4, NOW() - INTERVAL '6 days', 'CONFIRMED'),
(20, 24, NOW() - INTERVAL '7 days', 'CONFIRMED'),
(20, 44, NOW() - INTERVAL '8 days', 'CONFIRMED'),
(20, 15, NOW() - INTERVAL '9 days', 'CONFIRMED'),
(20, 35, NOW() - INTERVAL '10 days', 'CONFIRMED'),
(20, 6, NOW() - INTERVAL '11 days', 'CONFIRMED'),
(21, 23, NOW() - INTERVAL '2 days', 'CONFIRMED'),
(21, 44, NOW() - INTERVAL '3 days', 'CONFIRMED'),
(21, 16, NOW() - INTERVAL '4 days', 'CONFIRMED'),
(21, 37, NOW() - INTERVAL '5 days', 'CONFIRMED'),
(21, 9, NOW() - INTERVAL '6 days', 'CONFIRMED'),
(21, 30, NOW() - INTERVAL '7 days', 'CONFIRMED'),
(21, 2, NOW() - INTERVAL '8 days', 'CONFIRMED'),
(21, 23, NOW() - INTERVAL '9 days', 'CONFIRMED'),
(21, 44, NOW() - INTERVAL '10 days', 'CONFIRMED'),
(21, 16, NOW() - INTERVAL '11 days', 'CONFIRMED'),
(21, 37, NOW() - INTERVAL '12 days', 'CONFIRMED'),
(22, 24, NOW() - INTERVAL '2 days', 'CONFIRMED'),
(22, 46, NOW() - INTERVAL '3 days', 'CONFIRMED'),
(22, 19, NOW() - INTERVAL '4 days', 'CONFIRMED'),
(22, 41, NOW() - INTERVAL '5 days', 'CONFIRMED'),
(22, 14, NOW() - INTERVAL '6 days', 'CONFIRMED'),
(22, 36, NOW() - INTERVAL '7 days', 'CONFIRMED'),
(22, 9, NOW() - INTERVAL '8 days', 'CONFIRMED'),
(22, 31, NOW() - INTERVAL '9 days', 'CONFIRMED'),
(22, 4, NOW() - INTERVAL '10 days', 'CONFIRMED'),
(22, 26, NOW() - INTERVAL '11 days', 'CONFIRMED'),
(22, 48, NOW() - INTERVAL '12 days', 'CONFIRMED'),
(22, 21, NOW() - INTERVAL '13 days', 'CONFIRMED'),
(23, 25, NOW() - INTERVAL '2 days', 'CONFIRMED'),
(23, 48, NOW() - INTERVAL '3 days', 'CONFIRMED'),
(23, 22, NOW() - INTERVAL '4 days', 'CONFIRMED'),
(23, 45, NOW() - INTERVAL '5 days', 'CONFIRMED'),
(23, 19, NOW() - INTERVAL '6 days', 'CONFIRMED'),
(23, 42, NOW() - INTERVAL '7 days', 'CONFIRMED'),
(23, 16, NOW() - INTERVAL '8 days', 'CONFIRMED'),
(23, 39, NOW() - INTERVAL '9 days', 'CONFIRMED'),
(23, 13, NOW() - INTERVAL '10 days', 'CONFIRMED'),
(23, 36, NOW() - INTERVAL '11 days', 'CONFIRMED'),
(23, 10, NOW() - INTERVAL '12 days', 'CONFIRMED'),
(23, 33, NOW() - INTERVAL '13 days', 'CONFIRMED'),
(23, 7, NOW() - INTERVAL '14 days', 'CONFIRMED'),
(24, 26, NOW() - INTERVAL '2 days', 'CONFIRMED'),
(24, 50, NOW() - INTERVAL '3 days', 'CONFIRMED'),
(24, 25, NOW() - INTERVAL '4 days', 'CONFIRMED'),
(24, 49, NOW() - INTERVAL '5 days', 'CONFIRMED'),
(24, 24, NOW() - INTERVAL '6 days', 'CONFIRMED'),
(24, 48, NOW() - INTERVAL '7 days', 'CONFIRMED'),
(24, 23, NOW() - INTERVAL '8 days', 'CONFIRMED'),
(24, 47, NOW() - INTERVAL '9 days', 'CONFIRMED'),
(24, 22, NOW() - INTERVAL '10 days', 'CONFIRMED'),
(24, 46, NOW() - INTERVAL '11 days', 'CONFIRMED'),
(24, 21, NOW() - INTERVAL '12 days', 'CONFIRMED'),
(24, 45, NOW() - INTERVAL '13 days', 'CONFIRMED'),
(24, 20, NOW() - INTERVAL '14 days', 'CONFIRMED'),
(24, 44, NOW() - INTERVAL '15 days', 'CONFIRMED'),
(25, 27, NOW() - INTERVAL '2 days', 'CONFIRMED'),
(25, 3, NOW() - INTERVAL '3 days', 'CONFIRMED'),
(25, 28, NOW() - INTERVAL '4 days', 'CONFIRMED'),
(25, 4, NOW() - INTERVAL '5 days', 'CONFIRMED'),
(25, 29, NOW() - INTERVAL '6 days', 'CONFIRMED'),
(25, 5, NOW() - INTERVAL '7 days', 'CONFIRMED'),
(25, 30, NOW() - INTERVAL '8 days', 'CONFIRMED'),
(25, 6, NOW() - INTERVAL '9 days', 'CONFIRMED'),
(25, 31, NOW() - INTERVAL '10 days', 'CONFIRMED'),
(25, 7, NOW() - INTERVAL '11 days', 'CONFIRMED'),
(25, 32, NOW() - INTERVAL '12 days', 'CONFIRMED'),
(25, 8, NOW() - INTERVAL '13 days', 'CONFIRMED'),
(25, 33, NOW() - INTERVAL '14 days', 'CONFIRMED'),
(25, 9, NOW() - INTERVAL '15 days', 'CONFIRMED'),
(25, 34, NOW() - INTERVAL '16 days', 'CONFIRMED'),
(26, 28, NOW() - INTERVAL '2 days', 'CONFIRMED'),
(26, 5, NOW() - INTERVAL '3 days', 'CONFIRMED'),
(26, 31, NOW() - INTERVAL '4 days', 'CONFIRMED'),
(26, 8, NOW() - INTERVAL '5 days', 'CONFIRMED'),
(26, 34, NOW() - INTERVAL '6 days', 'CONFIRMED'),
(26, 11, NOW() - INTERVAL '7 days', 'CONFIRMED'),
(26, 37, NOW() - INTERVAL '8 days', 'CONFIRMED'),
(26, 14, NOW() - INTERVAL '9 days', 'CONFIRMED'),
(26, 40, NOW() - INTERVAL '10 days', 'CONFIRMED'),
(26, 17, NOW() - INTERVAL '11 days', 'CONFIRMED'),
(26, 43, NOW() - INTERVAL '12 days', 'CONFIRMED'),
(26, 20, NOW() - INTERVAL '13 days', 'CONFIRMED'),
(26, 46, NOW() - INTERVAL '14 days', 'CONFIRMED'),
(26, 23, NOW() - INTERVAL '15 days', 'CONFIRMED'),
(26, 49, NOW() - INTERVAL '16 days', 'CONFIRMED'),
(26, 26, NOW() - INTERVAL '17 days', 'CONFIRMED'),
(27, 29, NOW() - INTERVAL '2 days', 'CONFIRMED'),
(27, 7, NOW() - INTERVAL '3 days', 'CONFIRMED'),
(27, 34, NOW() - INTERVAL '4 days', 'CONFIRMED'),
(27, 12, NOW() - INTERVAL '5 days', 'CONFIRMED'),
(27, 39, NOW() - INTERVAL '6 days', 'CONFIRMED'),
(27, 17, NOW() - INTERVAL '7 days', 'CONFIRMED'),
(27, 44, NOW() - INTERVAL '8 days', 'CONFIRMED'),
(27, 22, NOW() - INTERVAL '9 days', 'CONFIRMED'),
(27, 49, NOW() - INTERVAL '10 days', 'CONFIRMED'),
(27, 27, NOW() - INTERVAL '11 days', 'CONFIRMED'),
(27, 5, NOW() - INTERVAL '12 days', 'CONFIRMED'),
(27, 32, NOW() - INTERVAL '13 days', 'CONFIRMED'),
(27, 10, NOW() - INTERVAL '14 days', 'CONFIRMED'),
(27, 37, NOW() - INTERVAL '15 days', 'CONFIRMED'),
(27, 15, NOW() - INTERVAL '16 days', 'CONFIRMED'),
(27, 42, NOW() - INTERVAL '17 days', 'CONFIRMED'),
(27, 20, NOW() - INTERVAL '18 days', 'CONFIRMED'),
(28, 30, NOW() - INTERVAL '2 days', 'CONFIRMED'),
(28, 9, NOW() - INTERVAL '3 days', 'CONFIRMED'),
(28, 37, NOW() - INTERVAL '4 days', 'CONFIRMED'),
(28, 16, NOW() - INTERVAL '5 days', 'CONFIRMED'),
(28, 44, NOW() - INTERVAL '6 days', 'CONFIRMED'),
(28, 23, NOW() - INTERVAL '7 days', 'CONFIRMED'),
(28, 2, NOW() - INTERVAL '8 days', 'CONFIRMED'),
(28, 30, NOW() - INTERVAL '9 days', 'CONFIRMED'),
(28, 9, NOW() - INTERVAL '10 days', 'CONFIRMED'),
(28, 37, NOW() - INTERVAL '11 days', 'CONFIRMED'),
(28, 16, NOW() - INTERVAL '12 days', 'CONFIRMED'),
(28, 44, NOW() - INTERVAL '13 days', 'CONFIRMED'),
(28, 23, NOW() - INTERVAL '14 days', 'CONFIRMED'),
(28, 2, NOW() - INTERVAL '15 days', 'CONFIRMED'),
(28, 30, NOW() - INTERVAL '16 days', 'CONFIRMED'),
(28, 9, NOW() - INTERVAL '17 days', 'CONFIRMED'),
(28, 37, NOW() - INTERVAL '18 days', 'CONFIRMED'),
(28, 16, NOW() - INTERVAL '19 days', 'CONFIRMED'),
(29, 31, NOW() - INTERVAL '2 days', 'CONFIRMED'),
(29, 11, NOW() - INTERVAL '3 days', 'CONFIRMED'),
(29, 40, NOW() - INTERVAL '4 days', 'CONFIRMED'),
(29, 20, NOW() - INTERVAL '5 days', 'CONFIRMED'),
(29, 49, NOW() - INTERVAL '6 days', 'CONFIRMED'),
(29, 29, NOW() - INTERVAL '7 days', 'CONFIRMED'),
(29, 9, NOW() - INTERVAL '8 days', 'CONFIRMED'),
(29, 38, NOW() - INTERVAL '9 days', 'CONFIRMED'),
(29, 18, NOW() - INTERVAL '10 days', 'CONFIRMED'),
(29, 47, NOW() - INTERVAL '11 days', 'CONFIRMED'),
(29, 27, NOW() - INTERVAL '12 days', 'CONFIRMED'),
(29, 7, NOW() - INTERVAL '13 days', 'CONFIRMED'),
(29, 36, NOW() - INTERVAL '14 days', 'CONFIRMED'),
(29, 16, NOW() - INTERVAL '15 days', 'CONFIRMED'),
(29, 45, NOW() - INTERVAL '16 days', 'CONFIRMED'),
(29, 25, NOW() - INTERVAL '17 days', 'CONFIRMED'),
(29, 5, NOW() - INTERVAL '18 days', 'CONFIRMED'),
(29, 34, NOW() - INTERVAL '19 days', 'CONFIRMED'),
(29, 14, NOW() - INTERVAL '20 days', 'CONFIRMED'),
(30, 32, NOW() - INTERVAL '2 days', 'CONFIRMED'),
(30, 13, NOW() - INTERVAL '3 days', 'CONFIRMED'),
(30, 43, NOW() - INTERVAL '4 days', 'CONFIRMED'),
(30, 24, NOW() - INTERVAL '5 days', 'CONFIRMED'),
(30, 5, NOW() - INTERVAL '6 days', 'CONFIRMED'),
(31, 33, NOW() - INTERVAL '2 days', 'CONFIRMED'),
(31, 15, NOW() - INTERVAL '3 days', 'CONFIRMED'),
(31, 46, NOW() - INTERVAL '4 days', 'CONFIRMED'),
(31, 28, NOW() - INTERVAL '5 days', 'CONFIRMED'),
(31, 10, NOW() - INTERVAL '6 days', 'CONFIRMED'),
(31, 41, NOW() - INTERVAL '7 days', 'CONFIRMED'),
(32, 34, NOW() - INTERVAL '2 days', 'CONFIRMED'),
(32, 17, NOW() - INTERVAL '3 days', 'CONFIRMED'),
(32, 49, NOW() - INTERVAL '4 days', 'CONFIRMED'),
(32, 32, NOW() - INTERVAL '5 days', 'CONFIRMED'),
(32, 15, NOW() - INTERVAL '6 days', 'CONFIRMED'),
(32, 47, NOW() - INTERVAL '7 days', 'CONFIRMED'),
(32, 30, NOW() - INTERVAL '8 days', 'CONFIRMED'),
(33, 35, NOW() - INTERVAL '2 days', 'CONFIRMED'),
(33, 19, NOW() - INTERVAL '3 days', 'CONFIRMED'),
(33, 3, NOW() - INTERVAL '4 days', 'CONFIRMED'),
(33, 36, NOW() - INTERVAL '5 days', 'CONFIRMED'),
(33, 20, NOW() - INTERVAL '6 days', 'CONFIRMED'),
(33, 4, NOW() - INTERVAL '7 days', 'CONFIRMED'),
(33, 37, NOW() - INTERVAL '8 days', 'CONFIRMED'),
(33, 21, NOW() - INTERVAL '9 days', 'CONFIRMED'),
(34, 36, NOW() - INTERVAL '2 days', 'CONFIRMED'),
(34, 21, NOW() - INTERVAL '3 days', 'CONFIRMED'),
(34, 6, NOW() - INTERVAL '4 days', 'CONFIRMED'),
(34, 40, NOW() - INTERVAL '5 days', 'CONFIRMED'),
(34, 25, NOW() - INTERVAL '6 days', 'CONFIRMED'),
(34, 10, NOW() - INTERVAL '7 days', 'CONFIRMED'),
(34, 44, NOW() - INTERVAL '8 days', 'CONFIRMED'),
(34, 29, NOW() - INTERVAL '9 days', 'CONFIRMED'),
(34, 14, NOW() - INTERVAL '10 days', 'CONFIRMED'),
(35, 37, NOW() - INTERVAL '2 days', 'CONFIRMED'),
(35, 23, NOW() - INTERVAL '3 days', 'CONFIRMED'),
(35, 9, NOW() - INTERVAL '4 days', 'CONFIRMED'),
(35, 44, NOW() - INTERVAL '5 days', 'CONFIRMED'),
(35, 30, NOW() - INTERVAL '6 days', 'CONFIRMED'),
(35, 16, NOW() - INTERVAL '7 days', 'CONFIRMED'),
(35, 2, NOW() - INTERVAL '8 days', 'CONFIRMED'),
(35, 37, NOW() - INTERVAL '9 days', 'CONFIRMED'),
(35, 23, NOW() - INTERVAL '10 days', 'CONFIRMED'),
(35, 9, NOW() - INTERVAL '11 days', 'CONFIRMED'),
(36, 38, NOW() - INTERVAL '2 days', 'CONFIRMED'),
(36, 25, NOW() - INTERVAL '3 days', 'CONFIRMED'),
(36, 12, NOW() - INTERVAL '4 days', 'CONFIRMED'),
(36, 48, NOW() - INTERVAL '5 days', 'CONFIRMED'),
(36, 35, NOW() - INTERVAL '6 days', 'CONFIRMED'),
(36, 22, NOW() - INTERVAL '7 days', 'CONFIRMED'),
(36, 9, NOW() - INTERVAL '8 days', 'CONFIRMED'),
(36, 45, NOW() - INTERVAL '9 days', 'CONFIRMED'),
(36, 32, NOW() - INTERVAL '10 days', 'CONFIRMED'),
(36, 19, NOW() - INTERVAL '11 days', 'CONFIRMED'),
(36, 6, NOW() - INTERVAL '12 days', 'CONFIRMED'),
(37, 39, NOW() - INTERVAL '2 days', 'CONFIRMED'),
(37, 27, NOW() - INTERVAL '3 days', 'CONFIRMED'),
(37, 15, NOW() - INTERVAL '4 days', 'CONFIRMED'),
(37, 3, NOW() - INTERVAL '5 days', 'CONFIRMED'),
(37, 40, NOW() - INTERVAL '6 days', 'CONFIRMED'),
(37, 28, NOW() - INTERVAL '7 days', 'CONFIRMED'),
(37, 16, NOW() - INTERVAL '8 days', 'CONFIRMED'),
(37, 4, NOW() - INTERVAL '9 days', 'CONFIRMED'),
(37, 41, NOW() - INTERVAL '10 days', 'CONFIRMED'),
(37, 29, NOW() - INTERVAL '11 days', 'CONFIRMED'),
(37, 17, NOW() - INTERVAL '12 days', 'CONFIRMED'),
(37, 5, NOW() - INTERVAL '13 days', 'CONFIRMED'),
(38, 40, NOW() - INTERVAL '2 days', 'CONFIRMED'),
(38, 29, NOW() - INTERVAL '3 days', 'CONFIRMED'),
(38, 18, NOW() - INTERVAL '4 days', 'CONFIRMED'),
(38, 7, NOW() - INTERVAL '5 days', 'CONFIRMED'),
(38, 45, NOW() - INTERVAL '6 days', 'CONFIRMED'),
(38, 34, NOW() - INTERVAL '7 days', 'CONFIRMED'),
(38, 23, NOW() - INTERVAL '8 days', 'CONFIRMED'),
(38, 12, NOW() - INTERVAL '9 days', 'CONFIRMED'),
(38, 50, NOW() - INTERVAL '10 days', 'CONFIRMED'),
(38, 39, NOW() - INTERVAL '11 days', 'CONFIRMED'),
(38, 28, NOW() - INTERVAL '12 days', 'CONFIRMED'),
(38, 17, NOW() - INTERVAL '13 days', 'CONFIRMED'),
(38, 6, NOW() - INTERVAL '14 days', 'CONFIRMED'),
(39, 41, NOW() - INTERVAL '2 days', 'CONFIRMED'),
(39, 31, NOW() - INTERVAL '3 days', 'CONFIRMED'),
(39, 21, NOW() - INTERVAL '4 days', 'CONFIRMED'),
(39, 11, NOW() - INTERVAL '5 days', 'CONFIRMED'),
(39, 50, NOW() - INTERVAL '6 days', 'CONFIRMED'),
(39, 40, NOW() - INTERVAL '7 days', 'CONFIRMED'),
(39, 30, NOW() - INTERVAL '8 days', 'CONFIRMED'),
(39, 20, NOW() - INTERVAL '9 days', 'CONFIRMED'),
(39, 10, NOW() - INTERVAL '10 days', 'CONFIRMED'),
(39, 49, NOW() - INTERVAL '11 days', 'CONFIRMED'),
(39, 39, NOW() - INTERVAL '12 days', 'CONFIRMED'),
(39, 29, NOW() - INTERVAL '13 days', 'CONFIRMED'),
(39, 19, NOW() - INTERVAL '14 days', 'CONFIRMED'),
(39, 9, NOW() - INTERVAL '15 days', 'CONFIRMED'),
(40, 42, NOW() - INTERVAL '2 days', 'CONFIRMED'),
(40, 33, NOW() - INTERVAL '3 days', 'CONFIRMED'),
(40, 24, NOW() - INTERVAL '4 days', 'CONFIRMED'),
(40, 15, NOW() - INTERVAL '5 days', 'CONFIRMED'),
(40, 6, NOW() - INTERVAL '6 days', 'CONFIRMED'),
(40, 46, NOW() - INTERVAL '7 days', 'CONFIRMED'),
(40, 37, NOW() - INTERVAL '8 days', 'CONFIRMED'),
(40, 28, NOW() - INTERVAL '9 days', 'CONFIRMED'),
(40, 19, NOW() - INTERVAL '10 days', 'CONFIRMED'),
(40, 10, NOW() - INTERVAL '11 days', 'CONFIRMED'),
(40, 50, NOW() - INTERVAL '12 days', 'CONFIRMED'),
(40, 41, NOW() - INTERVAL '13 days', 'CONFIRMED'),
(40, 32, NOW() - INTERVAL '14 days', 'CONFIRMED'),
(40, 23, NOW() - INTERVAL '15 days', 'CONFIRMED'),
(40, 14, NOW() - INTERVAL '16 days', 'CONFIRMED'),
(41, 43, NOW() - INTERVAL '2 days', 'CONFIRMED'),
(41, 35, NOW() - INTERVAL '3 days', 'CONFIRMED'),
(41, 27, NOW() - INTERVAL '4 days', 'CONFIRMED'),
(41, 19, NOW() - INTERVAL '5 days', 'CONFIRMED'),
(41, 11, NOW() - INTERVAL '6 days', 'CONFIRMED'),
(41, 3, NOW() - INTERVAL '7 days', 'CONFIRMED'),
(41, 44, NOW() - INTERVAL '8 days', 'CONFIRMED'),
(41, 36, NOW() - INTERVAL '9 days', 'CONFIRMED'),
(41, 28, NOW() - INTERVAL '10 days', 'CONFIRMED'),
(41, 20, NOW() - INTERVAL '11 days', 'CONFIRMED'),
(41, 12, NOW() - INTERVAL '12 days', 'CONFIRMED'),
(41, 4, NOW() - INTERVAL '13 days', 'CONFIRMED'),
(41, 45, NOW() - INTERVAL '14 days', 'CONFIRMED'),
(41, 37, NOW() - INTERVAL '15 days', 'CONFIRMED'),
(41, 29, NOW() - INTERVAL '16 days', 'CONFIRMED'),
(41, 21, NOW() - INTERVAL '17 days', 'CONFIRMED'),
(42, 44, NOW() - INTERVAL '2 days', 'CONFIRMED'),
(42, 37, NOW() - INTERVAL '3 days', 'CONFIRMED'),
(42, 30, NOW() - INTERVAL '4 days', 'CONFIRMED'),
(42, 23, NOW() - INTERVAL '5 days', 'CONFIRMED'),
(42, 16, NOW() - INTERVAL '6 days', 'CONFIRMED'),
(42, 9, NOW() - INTERVAL '7 days', 'CONFIRMED'),
(42, 2, NOW() - INTERVAL '8 days', 'CONFIRMED'),
(42, 44, NOW() - INTERVAL '9 days', 'CONFIRMED'),
(42, 37, NOW() - INTERVAL '10 days', 'CONFIRMED'),
(42, 30, NOW() - INTERVAL '11 days', 'CONFIRMED'),
(42, 23, NOW() - INTERVAL '12 days', 'CONFIRMED'),
(42, 16, NOW() - INTERVAL '13 days', 'CONFIRMED'),
(42, 9, NOW() - INTERVAL '14 days', 'CONFIRMED'),
(42, 2, NOW() - INTERVAL '15 days', 'CONFIRMED'),
(42, 44, NOW() - INTERVAL '16 days', 'CONFIRMED'),
(42, 37, NOW() - INTERVAL '17 days', 'CONFIRMED'),
(42, 30, NOW() - INTERVAL '18 days', 'CONFIRMED'),
(43, 45, NOW() - INTERVAL '2 days', 'CONFIRMED'),
(43, 39, NOW() - INTERVAL '3 days', 'CONFIRMED'),
(43, 33, NOW() - INTERVAL '4 days', 'CONFIRMED'),
(43, 27, NOW() - INTERVAL '5 days', 'CONFIRMED'),
(43, 21, NOW() - INTERVAL '6 days', 'CONFIRMED'),
(43, 15, NOW() - INTERVAL '7 days', 'CONFIRMED'),
(43, 9, NOW() - INTERVAL '8 days', 'CONFIRMED'),
(43, 3, NOW() - INTERVAL '9 days', 'CONFIRMED'),
(43, 46, NOW() - INTERVAL '10 days', 'CONFIRMED'),
(43, 40, NOW() - INTERVAL '11 days', 'CONFIRMED'),
(43, 34, NOW() - INTERVAL '12 days', 'CONFIRMED'),
(43, 28, NOW() - INTERVAL '13 days', 'CONFIRMED'),
(43, 22, NOW() - INTERVAL '14 days', 'CONFIRMED'),
(43, 16, NOW() - INTERVAL '15 days', 'CONFIRMED'),
(43, 10, NOW() - INTERVAL '16 days', 'CONFIRMED'),
(43, 4, NOW() - INTERVAL '17 days', 'CONFIRMED'),
(43, 47, NOW() - INTERVAL '18 days', 'CONFIRMED'),
(43, 41, NOW() - INTERVAL '19 days', 'CONFIRMED'),
(44, 46, NOW() - INTERVAL '2 days', 'CONFIRMED'),
(44, 41, NOW() - INTERVAL '3 days', 'CONFIRMED'),
(44, 36, NOW() - INTERVAL '4 days', 'CONFIRMED'),
(44, 31, NOW() - INTERVAL '5 days', 'CONFIRMED'),
(44, 26, NOW() - INTERVAL '6 days', 'CONFIRMED'),
(44, 21, NOW() - INTERVAL '7 days', 'CONFIRMED'),
(44, 16, NOW() - INTERVAL '8 days', 'CONFIRMED'),
(44, 11, NOW() - INTERVAL '9 days', 'CONFIRMED'),
(44, 6, NOW() - INTERVAL '10 days', 'CONFIRMED'),
(44, 50, NOW() - INTERVAL '11 days', 'CONFIRMED'),
(44, 45, NOW() - INTERVAL '12 days', 'CONFIRMED'),
(44, 40, NOW() - INTERVAL '13 days', 'CONFIRMED'),
(44, 35, NOW() - INTERVAL '14 days', 'CONFIRMED'),
(44, 30, NOW() - INTERVAL '15 days', 'CONFIRMED'),
(44, 25, NOW() - INTERVAL '16 days', 'CONFIRMED'),
(44, 20, NOW() - INTERVAL '17 days', 'CONFIRMED'),
(44, 15, NOW() - INTERVAL '18 days', 'CONFIRMED'),
(44, 10, NOW() - INTERVAL '19 days', 'CONFIRMED'),
(44, 5, NOW() - INTERVAL '20 days', 'CONFIRMED'),
(45, 47, NOW() - INTERVAL '2 days', 'CONFIRMED'),
(45, 43, NOW() - INTERVAL '3 days', 'CONFIRMED'),
(45, 39, NOW() - INTERVAL '4 days', 'CONFIRMED'),
(45, 35, NOW() - INTERVAL '5 days', 'CONFIRMED'),
(45, 31, NOW() - INTERVAL '6 days', 'CONFIRMED'),
(46, 48, NOW() - INTERVAL '2 days', 'CONFIRMED'),
(46, 45, NOW() - INTERVAL '3 days', 'CONFIRMED'),
(46, 42, NOW() - INTERVAL '4 days', 'CONFIRMED'),
(46, 39, NOW() - INTERVAL '5 days', 'CONFIRMED'),
(46, 36, NOW() - INTERVAL '6 days', 'CONFIRMED'),
(46, 33, NOW() - INTERVAL '7 days', 'CONFIRMED'),
(47, 49, NOW() - INTERVAL '2 days', 'CONFIRMED'),
(47, 47, NOW() - INTERVAL '3 days', 'CONFIRMED'),
(47, 45, NOW() - INTERVAL '4 days', 'CONFIRMED'),
(47, 43, NOW() - INTERVAL '5 days', 'CONFIRMED'),
(47, 41, NOW() - INTERVAL '6 days', 'CONFIRMED'),
(47, 39, NOW() - INTERVAL '7 days', 'CONFIRMED'),
(47, 37, NOW() - INTERVAL '8 days', 'CONFIRMED'),
(48, 50, NOW() - INTERVAL '2 days', 'CONFIRMED'),
(48, 49, NOW() - INTERVAL '3 days', 'CONFIRMED'),
(48, 48, NOW() - INTERVAL '4 days', 'CONFIRMED'),
(48, 47, NOW() - INTERVAL '5 days', 'CONFIRMED'),
(48, 46, NOW() - INTERVAL '6 days', 'CONFIRMED'),
(48, 45, NOW() - INTERVAL '7 days', 'CONFIRMED'),
(48, 44, NOW() - INTERVAL '8 days', 'CONFIRMED'),
(48, 43, NOW() - INTERVAL '9 days', 'CONFIRMED'),
(49, 2, NOW() - INTERVAL '2 days', 'CONFIRMED'),
(49, 2, NOW() - INTERVAL '3 days', 'CONFIRMED'),
(49, 2, NOW() - INTERVAL '4 days', 'CONFIRMED'),
(49, 2, NOW() - INTERVAL '5 days', 'CONFIRMED'),
(49, 2, NOW() - INTERVAL '6 days', 'CONFIRMED'),
(49, 2, NOW() - INTERVAL '7 days', 'CONFIRMED'),
(49, 2, NOW() - INTERVAL '8 days', 'CONFIRMED'),
(49, 2, NOW() - INTERVAL '9 days', 'CONFIRMED'),
(49, 2, NOW() - INTERVAL '10 days', 'CONFIRMED'),
(50, 3, NOW() - INTERVAL '2 days', 'CONFIRMED'),
(50, 4, NOW() - INTERVAL '3 days', 'CONFIRMED'),
(50, 5, NOW() - INTERVAL '4 days', 'CONFIRMED'),
(50, 6, NOW() - INTERVAL '5 days', 'CONFIRMED'),
(50, 7, NOW() - INTERVAL '6 days', 'CONFIRMED'),
(50, 8, NOW() - INTERVAL '7 days', 'CONFIRMED'),
(50, 9, NOW() - INTERVAL '8 days', 'CONFIRMED'),
(50, 10, NOW() - INTERVAL '9 days', 'CONFIRMED'),
(50, 11, NOW() - INTERVAL '10 days', 'CONFIRMED'),
(50, 12, NOW() - INTERVAL '11 days', 'CONFIRMED'),
(51, 4, NOW() - INTERVAL '2 days', 'CONFIRMED'),
(51, 6, NOW() - INTERVAL '3 days', 'CONFIRMED'),
(51, 8, NOW() - INTERVAL '4 days', 'CONFIRMED'),
(51, 10, NOW() - INTERVAL '5 days', 'CONFIRMED'),
(51, 12, NOW() - INTERVAL '6 days', 'CONFIRMED'),
(51, 14, NOW() - INTERVAL '7 days', 'CONFIRMED'),
(51, 16, NOW() - INTERVAL '8 days', 'CONFIRMED'),
(51, 18, NOW() - INTERVAL '9 days', 'CONFIRMED'),
(51, 20, NOW() - INTERVAL '10 days', 'CONFIRMED'),
(51, 22, NOW() - INTERVAL '11 days', 'CONFIRMED'),
(51, 24, NOW() - INTERVAL '12 days', 'CONFIRMED'),
(52, 5, NOW() - INTERVAL '2 days', 'CONFIRMED'),
(52, 8, NOW() - INTERVAL '3 days', 'CONFIRMED'),
(52, 11, NOW() - INTERVAL '4 days', 'CONFIRMED'),
(52, 14, NOW() - INTERVAL '5 days', 'CONFIRMED'),
(52, 17, NOW() - INTERVAL '6 days', 'CONFIRMED'),
(52, 20, NOW() - INTERVAL '7 days', 'CONFIRMED'),
(52, 23, NOW() - INTERVAL '8 days', 'CONFIRMED'),
(52, 26, NOW() - INTERVAL '9 days', 'CONFIRMED'),
(52, 29, NOW() - INTERVAL '10 days', 'CONFIRMED'),
(52, 32, NOW() - INTERVAL '11 days', 'CONFIRMED'),
(52, 35, NOW() - INTERVAL '12 days', 'CONFIRMED'),
(52, 38, NOW() - INTERVAL '13 days', 'CONFIRMED'),
(53, 6, NOW() - INTERVAL '2 days', 'CONFIRMED'),
(53, 10, NOW() - INTERVAL '3 days', 'CONFIRMED'),
(53, 14, NOW() - INTERVAL '4 days', 'CONFIRMED'),
(53, 18, NOW() - INTERVAL '5 days', 'CONFIRMED'),
(53, 22, NOW() - INTERVAL '6 days', 'CONFIRMED'),
(53, 26, NOW() - INTERVAL '7 days', 'CONFIRMED'),
(53, 30, NOW() - INTERVAL '8 days', 'CONFIRMED'),
(53, 34, NOW() - INTERVAL '9 days', 'CONFIRMED'),
(53, 38, NOW() - INTERVAL '10 days', 'CONFIRMED'),
(53, 42, NOW() - INTERVAL '11 days', 'CONFIRMED'),
(53, 46, NOW() - INTERVAL '12 days', 'CONFIRMED'),
(53, 50, NOW() - INTERVAL '13 days', 'CONFIRMED'),
(53, 5, NOW() - INTERVAL '14 days', 'CONFIRMED'),
(54, 7, NOW() - INTERVAL '2 days', 'CONFIRMED'),
(54, 12, NOW() - INTERVAL '3 days', 'CONFIRMED'),
(54, 17, NOW() - INTERVAL '4 days', 'CONFIRMED'),
(54, 22, NOW() - INTERVAL '5 days', 'CONFIRMED'),
(54, 27, NOW() - INTERVAL '6 days', 'CONFIRMED'),
(54, 32, NOW() - INTERVAL '7 days', 'CONFIRMED'),
(54, 37, NOW() - INTERVAL '8 days', 'CONFIRMED'),
(54, 42, NOW() - INTERVAL '9 days', 'CONFIRMED'),
(54, 47, NOW() - INTERVAL '10 days', 'CONFIRMED'),
(54, 3, NOW() - INTERVAL '11 days', 'CONFIRMED'),
(54, 8, NOW() - INTERVAL '12 days', 'CONFIRMED'),
(54, 13, NOW() - INTERVAL '13 days', 'CONFIRMED'),
(54, 18, NOW() - INTERVAL '14 days', 'CONFIRMED'),
(54, 23, NOW() - INTERVAL '15 days', 'CONFIRMED'),
(55, 8, NOW() - INTERVAL '2 days', 'CONFIRMED'),
(55, 14, NOW() - INTERVAL '3 days', 'CONFIRMED'),
(55, 20, NOW() - INTERVAL '4 days', 'CONFIRMED'),
(55, 26, NOW() - INTERVAL '5 days', 'CONFIRMED'),
(55, 32, NOW() - INTERVAL '6 days', 'CONFIRMED'),
(55, 38, NOW() - INTERVAL '7 days', 'CONFIRMED'),
(55, 44, NOW() - INTERVAL '8 days', 'CONFIRMED'),
(55, 50, NOW() - INTERVAL '9 days', 'CONFIRMED'),
(55, 7, NOW() - INTERVAL '10 days', 'CONFIRMED'),
(55, 13, NOW() - INTERVAL '11 days', 'CONFIRMED'),
(55, 19, NOW() - INTERVAL '12 days', 'CONFIRMED'),
(55, 25, NOW() - INTERVAL '13 days', 'CONFIRMED'),
(55, 31, NOW() - INTERVAL '14 days', 'CONFIRMED'),
(55, 37, NOW() - INTERVAL '15 days', 'CONFIRMED'),
(55, 43, NOW() - INTERVAL '16 days', 'CONFIRMED'),
(56, 9, NOW() - INTERVAL '2 days', 'CONFIRMED'),
(56, 16, NOW() - INTERVAL '3 days', 'CONFIRMED'),
(56, 23, NOW() - INTERVAL '4 days', 'CONFIRMED'),
(56, 30, NOW() - INTERVAL '5 days', 'CONFIRMED'),
(56, 37, NOW() - INTERVAL '6 days', 'CONFIRMED'),
(56, 44, NOW() - INTERVAL '7 days', 'CONFIRMED'),
(56, 2, NOW() - INTERVAL '8 days', 'CONFIRMED'),
(56, 9, NOW() - INTERVAL '9 days', 'CONFIRMED'),
(56, 16, NOW() - INTERVAL '10 days', 'CONFIRMED'),
(56, 23, NOW() - INTERVAL '11 days', 'CONFIRMED'),
(56, 30, NOW() - INTERVAL '12 days', 'CONFIRMED'),
(56, 37, NOW() - INTERVAL '13 days', 'CONFIRMED'),
(56, 44, NOW() - INTERVAL '14 days', 'CONFIRMED'),
(56, 2, NOW() - INTERVAL '15 days', 'CONFIRMED'),
(56, 9, NOW() - INTERVAL '16 days', 'CONFIRMED'),
(56, 16, NOW() - INTERVAL '17 days', 'CONFIRMED'),
(57, 10, NOW() - INTERVAL '2 days', 'CONFIRMED'),
(57, 18, NOW() - INTERVAL '3 days', 'CONFIRMED'),
(57, 26, NOW() - INTERVAL '4 days', 'CONFIRMED'),
(57, 34, NOW() - INTERVAL '5 days', 'CONFIRMED'),
(57, 42, NOW() - INTERVAL '6 days', 'CONFIRMED'),
(57, 50, NOW() - INTERVAL '7 days', 'CONFIRMED'),
(57, 9, NOW() - INTERVAL '8 days', 'CONFIRMED'),
(57, 17, NOW() - INTERVAL '9 days', 'CONFIRMED'),
(57, 25, NOW() - INTERVAL '10 days', 'CONFIRMED'),
(57, 33, NOW() - INTERVAL '11 days', 'CONFIRMED'),
(57, 41, NOW() - INTERVAL '12 days', 'CONFIRMED'),
(57, 49, NOW() - INTERVAL '13 days', 'CONFIRMED'),
(57, 8, NOW() - INTERVAL '14 days', 'CONFIRMED'),
(57, 16, NOW() - INTERVAL '15 days', 'CONFIRMED'),
(57, 24, NOW() - INTERVAL '16 days', 'CONFIRMED'),
(57, 32, NOW() - INTERVAL '17 days', 'CONFIRMED'),
(57, 40, NOW() - INTERVAL '18 days', 'CONFIRMED'),
(58, 11, NOW() - INTERVAL '2 days', 'CONFIRMED'),
(58, 20, NOW() - INTERVAL '3 days', 'CONFIRMED'),
(58, 29, NOW() - INTERVAL '4 days', 'CONFIRMED'),
(58, 38, NOW() - INTERVAL '5 days', 'CONFIRMED'),
(58, 47, NOW() - INTERVAL '6 days', 'CONFIRMED'),
(58, 7, NOW() - INTERVAL '7 days', 'CONFIRMED'),
(58, 16, NOW() - INTERVAL '8 days', 'CONFIRMED'),
(58, 25, NOW() - INTERVAL '9 days', 'CONFIRMED'),
(58, 34, NOW() - INTERVAL '10 days', 'CONFIRMED'),
(58, 43, NOW() - INTERVAL '11 days', 'CONFIRMED'),
(58, 3, NOW() - INTERVAL '12 days', 'CONFIRMED'),
(58, 12, NOW() - INTERVAL '13 days', 'CONFIRMED'),
(58, 21, NOW() - INTERVAL '14 days', 'CONFIRMED'),
(58, 30, NOW() - INTERVAL '15 days', 'CONFIRMED'),
(58, 39, NOW() - INTERVAL '16 days', 'CONFIRMED'),
(58, 48, NOW() - INTERVAL '17 days', 'CONFIRMED'),
(58, 8, NOW() - INTERVAL '18 days', 'CONFIRMED'),
(58, 17, NOW() - INTERVAL '19 days', 'CONFIRMED'),
(59, 12, NOW() - INTERVAL '2 days', 'CONFIRMED'),
(59, 22, NOW() - INTERVAL '3 days', 'CONFIRMED'),
(59, 32, NOW() - INTERVAL '4 days', 'CONFIRMED'),
(59, 42, NOW() - INTERVAL '5 days', 'CONFIRMED'),
(59, 3, NOW() - INTERVAL '6 days', 'CONFIRMED'),
(59, 13, NOW() - INTERVAL '7 days', 'CONFIRMED'),
(59, 23, NOW() - INTERVAL '8 days', 'CONFIRMED'),
(59, 33, NOW() - INTERVAL '9 days', 'CONFIRMED'),
(59, 43, NOW() - INTERVAL '10 days', 'CONFIRMED'),
(59, 4, NOW() - INTERVAL '11 days', 'CONFIRMED'),
(59, 14, NOW() - INTERVAL '12 days', 'CONFIRMED'),
(59, 24, NOW() - INTERVAL '13 days', 'CONFIRMED'),
(59, 34, NOW() - INTERVAL '14 days', 'CONFIRMED'),
(59, 44, NOW() - INTERVAL '15 days', 'CONFIRMED'),
(59, 5, NOW() - INTERVAL '16 days', 'CONFIRMED'),
(59, 15, NOW() - INTERVAL '17 days', 'CONFIRMED'),
(59, 25, NOW() - INTERVAL '18 days', 'CONFIRMED'),
(59, 35, NOW() - INTERVAL '19 days', 'CONFIRMED'),
(59, 45, NOW() - INTERVAL '20 days', 'CONFIRMED'),
(60, 13, NOW() - INTERVAL '2 days', 'CONFIRMED'),
(60, 24, NOW() - INTERVAL '3 days', 'CONFIRMED'),
(60, 35, NOW() - INTERVAL '4 days', 'CONFIRMED'),
(60, 46, NOW() - INTERVAL '5 days', 'CONFIRMED'),
(60, 8, NOW() - INTERVAL '6 days', 'CONFIRMED'),
(61, 14, NOW() - INTERVAL '2 days', 'CONFIRMED'),
(61, 26, NOW() - INTERVAL '3 days', 'CONFIRMED'),
(61, 38, NOW() - INTERVAL '4 days', 'CONFIRMED'),
(61, 50, NOW() - INTERVAL '5 days', 'CONFIRMED'),
(61, 13, NOW() - INTERVAL '6 days', 'CONFIRMED'),
(61, 25, NOW() - INTERVAL '7 days', 'CONFIRMED'),
(62, 15, NOW() - INTERVAL '2 days', 'CONFIRMED'),
(62, 28, NOW() - INTERVAL '3 days', 'CONFIRMED'),
(62, 41, NOW() - INTERVAL '4 days', 'CONFIRMED'),
(62, 5, NOW() - INTERVAL '5 days', 'CONFIRMED'),
(62, 18, NOW() - INTERVAL '6 days', 'CONFIRMED'),
(62, 31, NOW() - INTERVAL '7 days', 'CONFIRMED'),
(62, 44, NOW() - INTERVAL '8 days', 'CONFIRMED'),
(63, 16, NOW() - INTERVAL '2 days', 'CONFIRMED'),
(63, 30, NOW() - INTERVAL '3 days', 'CONFIRMED'),
(63, 44, NOW() - INTERVAL '4 days', 'CONFIRMED'),
(63, 9, NOW() - INTERVAL '5 days', 'CONFIRMED'),
(63, 23, NOW() - INTERVAL '6 days', 'CONFIRMED'),
(63, 37, NOW() - INTERVAL '7 days', 'CONFIRMED'),
(63, 2, NOW() - INTERVAL '8 days', 'CONFIRMED'),
(63, 16, NOW() - INTERVAL '9 days', 'CONFIRMED'),
(64, 17, NOW() - INTERVAL '2 days', 'CONFIRMED'),
(64, 32, NOW() - INTERVAL '3 days', 'CONFIRMED'),
(64, 47, NOW() - INTERVAL '4 days', 'CONFIRMED'),
(64, 13, NOW() - INTERVAL '5 days', 'CONFIRMED'),
(64, 28, NOW() - INTERVAL '6 days', 'CONFIRMED'),
(64, 43, NOW() - INTERVAL '7 days', 'CONFIRMED'),
(64, 9, NOW() - INTERVAL '8 days', 'CONFIRMED'),
(64, 24, NOW() - INTERVAL '9 days', 'CONFIRMED'),
(64, 39, NOW() - INTERVAL '10 days', 'CONFIRMED'),
(65, 18, NOW() - INTERVAL '2 days', 'CONFIRMED'),
(65, 34, NOW() - INTERVAL '3 days', 'CONFIRMED'),
(65, 50, NOW() - INTERVAL '4 days', 'CONFIRMED'),
(65, 17, NOW() - INTERVAL '5 days', 'CONFIRMED'),
(65, 33, NOW() - INTERVAL '6 days', 'CONFIRMED'),
(65, 49, NOW() - INTERVAL '7 days', 'CONFIRMED'),
(65, 16, NOW() - INTERVAL '8 days', 'CONFIRMED'),
(65, 32, NOW() - INTERVAL '9 days', 'CONFIRMED'),
(65, 48, NOW() - INTERVAL '10 days', 'CONFIRMED'),
(65, 15, NOW() - INTERVAL '11 days', 'CONFIRMED'),
(66, 19, NOW() - INTERVAL '2 days', 'CONFIRMED'),
(66, 36, NOW() - INTERVAL '3 days', 'CONFIRMED'),
(66, 4, NOW() - INTERVAL '4 days', 'CONFIRMED'),
(66, 21, NOW() - INTERVAL '5 days', 'CONFIRMED'),
(66, 38, NOW() - INTERVAL '6 days', 'CONFIRMED'),
(66, 6, NOW() - INTERVAL '7 days', 'CONFIRMED'),
(66, 23, NOW() - INTERVAL '8 days', 'CONFIRMED'),
(66, 40, NOW() - INTERVAL '9 days', 'CONFIRMED'),
(66, 8, NOW() - INTERVAL '10 days', 'CONFIRMED'),
(66, 25, NOW() - INTERVAL '11 days', 'CONFIRMED'),
(66, 42, NOW() - INTERVAL '12 days', 'CONFIRMED'),
(67, 20, NOW() - INTERVAL '2 days', 'CONFIRMED'),
(67, 38, NOW() - INTERVAL '3 days', 'CONFIRMED'),
(67, 7, NOW() - INTERVAL '4 days', 'CONFIRMED'),
(67, 25, NOW() - INTERVAL '5 days', 'CONFIRMED'),
(67, 43, NOW() - INTERVAL '6 days', 'CONFIRMED'),
(67, 12, NOW() - INTERVAL '7 days', 'CONFIRMED'),
(67, 30, NOW() - INTERVAL '8 days', 'CONFIRMED'),
(67, 48, NOW() - INTERVAL '9 days', 'CONFIRMED'),
(67, 17, NOW() - INTERVAL '10 days', 'CONFIRMED'),
(67, 35, NOW() - INTERVAL '11 days', 'CONFIRMED'),
(67, 4, NOW() - INTERVAL '12 days', 'CONFIRMED'),
(67, 22, NOW() - INTERVAL '13 days', 'CONFIRMED'),
(68, 21, NOW() - INTERVAL '2 days', 'CONFIRMED'),
(68, 40, NOW() - INTERVAL '3 days', 'CONFIRMED'),
(68, 10, NOW() - INTERVAL '4 days', 'CONFIRMED'),
(68, 29, NOW() - INTERVAL '5 days', 'CONFIRMED'),
(68, 48, NOW() - INTERVAL '6 days', 'CONFIRMED'),
(68, 18, NOW() - INTERVAL '7 days', 'CONFIRMED'),
(68, 37, NOW() - INTERVAL '8 days', 'CONFIRMED'),
(68, 7, NOW() - INTERVAL '9 days', 'CONFIRMED'),
(68, 26, NOW() - INTERVAL '10 days', 'CONFIRMED'),
(68, 45, NOW() - INTERVAL '11 days', 'CONFIRMED'),
(68, 15, NOW() - INTERVAL '12 days', 'CONFIRMED'),
(68, 34, NOW() - INTERVAL '13 days', 'CONFIRMED'),
(68, 4, NOW() - INTERVAL '14 days', 'CONFIRMED'),
(69, 22, NOW() - INTERVAL '2 days', 'CONFIRMED'),
(69, 42, NOW() - INTERVAL '3 days', 'CONFIRMED'),
(69, 13, NOW() - INTERVAL '4 days', 'CONFIRMED'),
(69, 33, NOW() - INTERVAL '5 days', 'CONFIRMED'),
(69, 4, NOW() - INTERVAL '6 days', 'CONFIRMED'),
(69, 24, NOW() - INTERVAL '7 days', 'CONFIRMED'),
(69, 44, NOW() - INTERVAL '8 days', 'CONFIRMED'),
(69, 15, NOW() - INTERVAL '9 days', 'CONFIRMED'),
(69, 35, NOW() - INTERVAL '10 days', 'CONFIRMED'),
(69, 6, NOW() - INTERVAL '11 days', 'CONFIRMED'),
(69, 26, NOW() - INTERVAL '12 days', 'CONFIRMED'),
(69, 46, NOW() - INTERVAL '13 days', 'CONFIRMED'),
(69, 17, NOW() - INTERVAL '14 days', 'CONFIRMED'),
(69, 37, NOW() - INTERVAL '15 days', 'CONFIRMED'),
(70, 23, NOW() - INTERVAL '2 days', 'CONFIRMED'),
(70, 44, NOW() - INTERVAL '3 days', 'CONFIRMED'),
(70, 16, NOW() - INTERVAL '4 days', 'CONFIRMED'),
(70, 37, NOW() - INTERVAL '5 days', 'CONFIRMED'),
(70, 9, NOW() - INTERVAL '6 days', 'CONFIRMED'),
(70, 30, NOW() - INTERVAL '7 days', 'CONFIRMED'),
(70, 2, NOW() - INTERVAL '8 days', 'CONFIRMED'),
(70, 23, NOW() - INTERVAL '9 days', 'CONFIRMED'),
(70, 44, NOW() - INTERVAL '10 days', 'CONFIRMED'),
(70, 16, NOW() - INTERVAL '11 days', 'CONFIRMED'),
(70, 37, NOW() - INTERVAL '12 days', 'CONFIRMED'),
(70, 9, NOW() - INTERVAL '13 days', 'CONFIRMED'),
(70, 30, NOW() - INTERVAL '14 days', 'CONFIRMED'),
(70, 2, NOW() - INTERVAL '15 days', 'CONFIRMED'),
(70, 23, NOW() - INTERVAL '16 days', 'CONFIRMED'),
(71, 24, NOW() - INTERVAL '2 days', 'CONFIRMED'),
(71, 46, NOW() - INTERVAL '3 days', 'CONFIRMED'),
(71, 19, NOW() - INTERVAL '4 days', 'CONFIRMED'),
(71, 41, NOW() - INTERVAL '5 days', 'CONFIRMED'),
(71, 14, NOW() - INTERVAL '6 days', 'CONFIRMED'),
(71, 36, NOW() - INTERVAL '7 days', 'CONFIRMED'),
(71, 9, NOW() - INTERVAL '8 days', 'CONFIRMED'),
(71, 31, NOW() - INTERVAL '9 days', 'CONFIRMED'),
(71, 4, NOW() - INTERVAL '10 days', 'CONFIRMED'),
(71, 26, NOW() - INTERVAL '11 days', 'CONFIRMED'),
(71, 48, NOW() - INTERVAL '12 days', 'CONFIRMED'),
(71, 21, NOW() - INTERVAL '13 days', 'CONFIRMED'),
(71, 43, NOW() - INTERVAL '14 days', 'CONFIRMED'),
(71, 16, NOW() - INTERVAL '15 days', 'CONFIRMED'),
(71, 38, NOW() - INTERVAL '16 days', 'CONFIRMED'),
(71, 11, NOW() - INTERVAL '17 days', 'CONFIRMED'),
(72, 25, NOW() - INTERVAL '2 days', 'CONFIRMED'),
(72, 48, NOW() - INTERVAL '3 days', 'CONFIRMED'),
(72, 22, NOW() - INTERVAL '4 days', 'CONFIRMED'),
(72, 45, NOW() - INTERVAL '5 days', 'CONFIRMED'),
(72, 19, NOW() - INTERVAL '6 days', 'CONFIRMED'),
(72, 42, NOW() - INTERVAL '7 days', 'CONFIRMED'),
(72, 16, NOW() - INTERVAL '8 days', 'CONFIRMED'),
(72, 39, NOW() - INTERVAL '9 days', 'CONFIRMED'),
(72, 13, NOW() - INTERVAL '10 days', 'CONFIRMED'),
(72, 36, NOW() - INTERVAL '11 days', 'CONFIRMED'),
(72, 10, NOW() - INTERVAL '12 days', 'CONFIRMED'),
(72, 33, NOW() - INTERVAL '13 days', 'CONFIRMED'),
(72, 7, NOW() - INTERVAL '14 days', 'CONFIRMED'),
(72, 30, NOW() - INTERVAL '15 days', 'CONFIRMED'),
(72, 4, NOW() - INTERVAL '16 days', 'CONFIRMED'),
(72, 27, NOW() - INTERVAL '17 days', 'CONFIRMED'),
(72, 50, NOW() - INTERVAL '18 days', 'CONFIRMED'),
(73, 26, NOW() - INTERVAL '2 days', 'CONFIRMED'),
(73, 50, NOW() - INTERVAL '3 days', 'CONFIRMED'),
(73, 25, NOW() - INTERVAL '4 days', 'CONFIRMED'),
(73, 49, NOW() - INTERVAL '5 days', 'CONFIRMED'),
(73, 24, NOW() - INTERVAL '6 days', 'CONFIRMED'),
(73, 48, NOW() - INTERVAL '7 days', 'CONFIRMED'),
(73, 23, NOW() - INTERVAL '8 days', 'CONFIRMED'),
(73, 47, NOW() - INTERVAL '9 days', 'CONFIRMED'),
(73, 22, NOW() - INTERVAL '10 days', 'CONFIRMED'),
(73, 46, NOW() - INTERVAL '11 days', 'CONFIRMED'),
(73, 21, NOW() - INTERVAL '12 days', 'CONFIRMED'),
(73, 45, NOW() - INTERVAL '13 days', 'CONFIRMED'),
(73, 20, NOW() - INTERVAL '14 days', 'CONFIRMED'),
(73, 44, NOW() - INTERVAL '15 days', 'CONFIRMED'),
(73, 19, NOW() - INTERVAL '16 days', 'CONFIRMED'),
(73, 43, NOW() - INTERVAL '17 days', 'CONFIRMED'),
(73, 18, NOW() - INTERVAL '18 days', 'CONFIRMED'),
(73, 42, NOW() - INTERVAL '19 days', 'CONFIRMED'),
(74, 27, NOW() - INTERVAL '2 days', 'CONFIRMED'),
(74, 3, NOW() - INTERVAL '3 days', 'CONFIRMED'),
(74, 28, NOW() - INTERVAL '4 days', 'CONFIRMED'),
(74, 4, NOW() - INTERVAL '5 days', 'CONFIRMED'),
(74, 29, NOW() - INTERVAL '6 days', 'CONFIRMED'),
(74, 5, NOW() - INTERVAL '7 days', 'CONFIRMED'),
(74, 30, NOW() - INTERVAL '8 days', 'CONFIRMED'),
(74, 6, NOW() - INTERVAL '9 days', 'CONFIRMED'),
(74, 31, NOW() - INTERVAL '10 days', 'CONFIRMED'),
(74, 7, NOW() - INTERVAL '11 days', 'CONFIRMED'),
(74, 32, NOW() - INTERVAL '12 days', 'CONFIRMED'),
(74, 8, NOW() - INTERVAL '13 days', 'CONFIRMED'),
(74, 33, NOW() - INTERVAL '14 days', 'CONFIRMED'),
(74, 9, NOW() - INTERVAL '15 days', 'CONFIRMED'),
(74, 34, NOW() - INTERVAL '16 days', 'CONFIRMED'),
(74, 10, NOW() - INTERVAL '17 days', 'CONFIRMED'),
(74, 35, NOW() - INTERVAL '18 days', 'CONFIRMED'),
(74, 11, NOW() - INTERVAL '19 days', 'CONFIRMED'),
(74, 36, NOW() - INTERVAL '20 days', 'CONFIRMED'),
(75, 28, NOW() - INTERVAL '2 days', 'CONFIRMED'),
(75, 5, NOW() - INTERVAL '3 days', 'CONFIRMED'),
(75, 31, NOW() - INTERVAL '4 days', 'CONFIRMED'),
(75, 8, NOW() - INTERVAL '5 days', 'CONFIRMED'),
(75, 34, NOW() - INTERVAL '6 days', 'CONFIRMED'),
(76, 29, NOW() - INTERVAL '2 days', 'CONFIRMED'),
(76, 7, NOW() - INTERVAL '3 days', 'CONFIRMED'),
(76, 34, NOW() - INTERVAL '4 days', 'CONFIRMED'),
(76, 12, NOW() - INTERVAL '5 days', 'CONFIRMED'),
(76, 39, NOW() - INTERVAL '6 days', 'CONFIRMED'),
(76, 17, NOW() - INTERVAL '7 days', 'CONFIRMED'),
(77, 30, NOW() - INTERVAL '2 days', 'CONFIRMED'),
(77, 9, NOW() - INTERVAL '3 days', 'CONFIRMED'),
(77, 37, NOW() - INTERVAL '4 days', 'CONFIRMED'),
(77, 16, NOW() - INTERVAL '5 days', 'CONFIRMED'),
(77, 44, NOW() - INTERVAL '6 days', 'CONFIRMED'),
(77, 23, NOW() - INTERVAL '7 days', 'CONFIRMED'),
(77, 2, NOW() - INTERVAL '8 days', 'CONFIRMED'),
(78, 31, NOW() - INTERVAL '2 days', 'CONFIRMED'),
(78, 11, NOW() - INTERVAL '3 days', 'CONFIRMED'),
(78, 40, NOW() - INTERVAL '4 days', 'CONFIRMED'),
(78, 20, NOW() - INTERVAL '5 days', 'CONFIRMED'),
(78, 49, NOW() - INTERVAL '6 days', 'CONFIRMED'),
(78, 29, NOW() - INTERVAL '7 days', 'CONFIRMED'),
(78, 9, NOW() - INTERVAL '8 days', 'CONFIRMED'),
(78, 38, NOW() - INTERVAL '9 days', 'CONFIRMED'),
(79, 32, NOW() - INTERVAL '2 days', 'CONFIRMED'),
(79, 13, NOW() - INTERVAL '3 days', 'CONFIRMED'),
(79, 43, NOW() - INTERVAL '4 days', 'CONFIRMED'),
(79, 24, NOW() - INTERVAL '5 days', 'CONFIRMED'),
(79, 5, NOW() - INTERVAL '6 days', 'CONFIRMED'),
(79, 35, NOW() - INTERVAL '7 days', 'CONFIRMED'),
(79, 16, NOW() - INTERVAL '8 days', 'CONFIRMED'),
(79, 46, NOW() - INTERVAL '9 days', 'CONFIRMED'),
(79, 27, NOW() - INTERVAL '10 days', 'CONFIRMED'),
(80, 33, NOW() - INTERVAL '2 days', 'CONFIRMED'),
(80, 15, NOW() - INTERVAL '3 days', 'CONFIRMED'),
(80, 46, NOW() - INTERVAL '4 days', 'CONFIRMED'),
(80, 28, NOW() - INTERVAL '5 days', 'CONFIRMED'),
(80, 10, NOW() - INTERVAL '6 days', 'CONFIRMED'),
(80, 41, NOW() - INTERVAL '7 days', 'CONFIRMED'),
(80, 23, NOW() - INTERVAL '8 days', 'CONFIRMED'),
(80, 5, NOW() - INTERVAL '9 days', 'CONFIRMED'),
(80, 36, NOW() - INTERVAL '10 days', 'CONFIRMED'),
(80, 18, NOW() - INTERVAL '11 days', 'CONFIRMED'),
(81, 34, NOW() - INTERVAL '2 days', 'CONFIRMED'),
(81, 17, NOW() - INTERVAL '3 days', 'CONFIRMED'),
(81, 49, NOW() - INTERVAL '4 days', 'CONFIRMED'),
(81, 32, NOW() - INTERVAL '5 days', 'CONFIRMED'),
(81, 15, NOW() - INTERVAL '6 days', 'CONFIRMED'),
(81, 47, NOW() - INTERVAL '7 days', 'CONFIRMED'),
(81, 30, NOW() - INTERVAL '8 days', 'CONFIRMED'),
(81, 13, NOW() - INTERVAL '9 days', 'CONFIRMED'),
(81, 45, NOW() - INTERVAL '10 days', 'CONFIRMED'),
(81, 28, NOW() - INTERVAL '11 days', 'CONFIRMED'),
(81, 11, NOW() - INTERVAL '12 days', 'CONFIRMED'),
(82, 35, NOW() - INTERVAL '2 days', 'CONFIRMED'),
(82, 19, NOW() - INTERVAL '3 days', 'CONFIRMED'),
(82, 3, NOW() - INTERVAL '4 days', 'CONFIRMED'),
(82, 36, NOW() - INTERVAL '5 days', 'CONFIRMED'),
(82, 20, NOW() - INTERVAL '6 days', 'CONFIRMED'),
(82, 4, NOW() - INTERVAL '7 days', 'CONFIRMED'),
(82, 37, NOW() - INTERVAL '8 days', 'CONFIRMED'),
(82, 21, NOW() - INTERVAL '9 days', 'CONFIRMED'),
(82, 5, NOW() - INTERVAL '10 days', 'CONFIRMED'),
(82, 38, NOW() - INTERVAL '11 days', 'CONFIRMED'),
(82, 22, NOW() - INTERVAL '12 days', 'CONFIRMED'),
(82, 6, NOW() - INTERVAL '13 days', 'CONFIRMED'),
(83, 36, NOW() - INTERVAL '2 days', 'CONFIRMED'),
(83, 21, NOW() - INTERVAL '3 days', 'CONFIRMED'),
(83, 6, NOW() - INTERVAL '4 days', 'CONFIRMED'),
(83, 40, NOW() - INTERVAL '5 days', 'CONFIRMED'),
(83, 25, NOW() - INTERVAL '6 days', 'CONFIRMED'),
(83, 10, NOW() - INTERVAL '7 days', 'CONFIRMED'),
(83, 44, NOW() - INTERVAL '8 days', 'CONFIRMED'),
(83, 29, NOW() - INTERVAL '9 days', 'CONFIRMED'),
(83, 14, NOW() - INTERVAL '10 days', 'CONFIRMED'),
(83, 48, NOW() - INTERVAL '11 days', 'CONFIRMED'),
(83, 33, NOW() - INTERVAL '12 days', 'CONFIRMED'),
(83, 18, NOW() - INTERVAL '13 days', 'CONFIRMED'),
(83, 3, NOW() - INTERVAL '14 days', 'CONFIRMED'),
(84, 37, NOW() - INTERVAL '2 days', 'CONFIRMED'),
(84, 23, NOW() - INTERVAL '3 days', 'CONFIRMED'),
(84, 9, NOW() - INTERVAL '4 days', 'CONFIRMED'),
(84, 44, NOW() - INTERVAL '5 days', 'CONFIRMED'),
(84, 30, NOW() - INTERVAL '6 days', 'CONFIRMED'),
(84, 16, NOW() - INTERVAL '7 days', 'CONFIRMED'),
(84, 2, NOW() - INTERVAL '8 days', 'CONFIRMED'),
(84, 37, NOW() - INTERVAL '9 days', 'CONFIRMED'),
(84, 23, NOW() - INTERVAL '10 days', 'CONFIRMED'),
(84, 9, NOW() - INTERVAL '11 days', 'CONFIRMED'),
(84, 44, NOW() - INTERVAL '12 days', 'CONFIRMED'),
(84, 30, NOW() - INTERVAL '13 days', 'CONFIRMED'),
(84, 16, NOW() - INTERVAL '14 days', 'CONFIRMED'),
(84, 2, NOW() - INTERVAL '15 days', 'CONFIRMED'),
(85, 38, NOW() - INTERVAL '2 days', 'CONFIRMED'),
(85, 25, NOW() - INTERVAL '3 days', 'CONFIRMED'),
(85, 12, NOW() - INTERVAL '4 days', 'CONFIRMED'),
(85, 48, NOW() - INTERVAL '5 days', 'CONFIRMED'),
(85, 35, NOW() - INTERVAL '6 days', 'CONFIRMED'),
(85, 22, NOW() - INTERVAL '7 days', 'CONFIRMED'),
(85, 9, NOW() - INTERVAL '8 days', 'CONFIRMED'),
(85, 45, NOW() - INTERVAL '9 days', 'CONFIRMED'),
(85, 32, NOW() - INTERVAL '10 days', 'CONFIRMED'),
(85, 19, NOW() - INTERVAL '11 days', 'CONFIRMED'),
(85, 6, NOW() - INTERVAL '12 days', 'CONFIRMED'),
(85, 42, NOW() - INTERVAL '13 days', 'CONFIRMED'),
(85, 29, NOW() - INTERVAL '14 days', 'CONFIRMED'),
(85, 16, NOW() - INTERVAL '15 days', 'CONFIRMED'),
(85, 3, NOW() - INTERVAL '16 days', 'CONFIRMED'),
(86, 39, NOW() - INTERVAL '2 days', 'CONFIRMED'),
(86, 27, NOW() - INTERVAL '3 days', 'CONFIRMED'),
(86, 15, NOW() - INTERVAL '4 days', 'CONFIRMED'),
(86, 3, NOW() - INTERVAL '5 days', 'CONFIRMED'),
(86, 40, NOW() - INTERVAL '6 days', 'CONFIRMED'),
(86, 28, NOW() - INTERVAL '7 days', 'CONFIRMED'),
(86, 16, NOW() - INTERVAL '8 days', 'CONFIRMED'),
(86, 4, NOW() - INTERVAL '9 days', 'CONFIRMED'),
(86, 41, NOW() - INTERVAL '10 days', 'CONFIRMED'),
(86, 29, NOW() - INTERVAL '11 days', 'CONFIRMED'),
(86, 17, NOW() - INTERVAL '12 days', 'CONFIRMED'),
(86, 5, NOW() - INTERVAL '13 days', 'CONFIRMED'),
(86, 42, NOW() - INTERVAL '14 days', 'CONFIRMED'),
(86, 30, NOW() - INTERVAL '15 days', 'CONFIRMED'),
(86, 18, NOW() - INTERVAL '16 days', 'CONFIRMED'),
(86, 6, NOW() - INTERVAL '17 days', 'CONFIRMED'),
(87, 40, NOW() - INTERVAL '2 days', 'CONFIRMED'),
(87, 29, NOW() - INTERVAL '3 days', 'CONFIRMED'),
(87, 18, NOW() - INTERVAL '4 days', 'CONFIRMED'),
(87, 7, NOW() - INTERVAL '5 days', 'CONFIRMED'),
(87, 45, NOW() - INTERVAL '6 days', 'CONFIRMED'),
(87, 34, NOW() - INTERVAL '7 days', 'CONFIRMED'),
(87, 23, NOW() - INTERVAL '8 days', 'CONFIRMED'),
(87, 12, NOW() - INTERVAL '9 days', 'CONFIRMED'),
(87, 50, NOW() - INTERVAL '10 days', 'CONFIRMED'),
(87, 39, NOW() - INTERVAL '11 days', 'CONFIRMED'),
(87, 28, NOW() - INTERVAL '12 days', 'CONFIRMED'),
(87, 17, NOW() - INTERVAL '13 days', 'CONFIRMED'),
(87, 6, NOW() - INTERVAL '14 days', 'CONFIRMED'),
(87, 44, NOW() - INTERVAL '15 days', 'CONFIRMED'),
(87, 33, NOW() - INTERVAL '16 days', 'CONFIRMED'),
(87, 22, NOW() - INTERVAL '17 days', 'CONFIRMED'),
(87, 11, NOW() - INTERVAL '18 days', 'CONFIRMED'),
(88, 41, NOW() - INTERVAL '2 days', 'CONFIRMED'),
(88, 31, NOW() - INTERVAL '3 days', 'CONFIRMED'),
(88, 21, NOW() - INTERVAL '4 days', 'CONFIRMED'),
(88, 11, NOW() - INTERVAL '5 days', 'CONFIRMED'),
(88, 50, NOW() - INTERVAL '6 days', 'CONFIRMED'),
(88, 40, NOW() - INTERVAL '7 days', 'CONFIRMED'),
(88, 30, NOW() - INTERVAL '8 days', 'CONFIRMED'),
(88, 20, NOW() - INTERVAL '9 days', 'CONFIRMED'),
(88, 10, NOW() - INTERVAL '10 days', 'CONFIRMED'),
(88, 49, NOW() - INTERVAL '11 days', 'CONFIRMED'),
(88, 39, NOW() - INTERVAL '12 days', 'CONFIRMED'),
(88, 29, NOW() - INTERVAL '13 days', 'CONFIRMED'),
(88, 19, NOW() - INTERVAL '14 days', 'CONFIRMED'),
(88, 9, NOW() - INTERVAL '15 days', 'CONFIRMED'),
(88, 48, NOW() - INTERVAL '16 days', 'CONFIRMED'),
(88, 38, NOW() - INTERVAL '17 days', 'CONFIRMED'),
(88, 28, NOW() - INTERVAL '18 days', 'CONFIRMED'),
(88, 18, NOW() - INTERVAL '19 days', 'CONFIRMED'),
(89, 42, NOW() - INTERVAL '2 days', 'CONFIRMED'),
(89, 33, NOW() - INTERVAL '3 days', 'CONFIRMED'),
(89, 24, NOW() - INTERVAL '4 days', 'CONFIRMED'),
(89, 15, NOW() - INTERVAL '5 days', 'CONFIRMED'),
(89, 6, NOW() - INTERVAL '6 days', 'CONFIRMED'),
(89, 46, NOW() - INTERVAL '7 days', 'CONFIRMED'),
(89, 37, NOW() - INTERVAL '8 days', 'CONFIRMED'),
(89, 28, NOW() - INTERVAL '9 days', 'CONFIRMED'),
(89, 19, NOW() - INTERVAL '10 days', 'CONFIRMED'),
(89, 10, NOW() - INTERVAL '11 days', 'CONFIRMED'),
(89, 50, NOW() - INTERVAL '12 days', 'CONFIRMED'),
(89, 41, NOW() - INTERVAL '13 days', 'CONFIRMED'),
(89, 32, NOW() - INTERVAL '14 days', 'CONFIRMED'),
(89, 23, NOW() - INTERVAL '15 days', 'CONFIRMED'),
(89, 14, NOW() - INTERVAL '16 days', 'CONFIRMED'),
(89, 5, NOW() - INTERVAL '17 days', 'CONFIRMED'),
(89, 45, NOW() - INTERVAL '18 days', 'CONFIRMED'),
(89, 36, NOW() - INTERVAL '19 days', 'CONFIRMED'),
(89, 27, NOW() - INTERVAL '20 days', 'CONFIRMED'),
(90, 43, NOW() - INTERVAL '2 days', 'CONFIRMED'),
(90, 35, NOW() - INTERVAL '3 days', 'CONFIRMED'),
(90, 27, NOW() - INTERVAL '4 days', 'CONFIRMED'),
(90, 19, NOW() - INTERVAL '5 days', 'CONFIRMED'),
(90, 11, NOW() - INTERVAL '6 days', 'CONFIRMED'),
(91, 44, NOW() - INTERVAL '2 days', 'CONFIRMED'),
(91, 37, NOW() - INTERVAL '3 days', 'CONFIRMED'),
(91, 30, NOW() - INTERVAL '4 days', 'CONFIRMED'),
(91, 23, NOW() - INTERVAL '5 days', 'CONFIRMED'),
(91, 16, NOW() - INTERVAL '6 days', 'CONFIRMED'),
(91, 9, NOW() - INTERVAL '7 days', 'CONFIRMED'),
(92, 45, NOW() - INTERVAL '2 days', 'CONFIRMED'),
(92, 39, NOW() - INTERVAL '3 days', 'CONFIRMED'),
(92, 33, NOW() - INTERVAL '4 days', 'CONFIRMED'),
(92, 27, NOW() - INTERVAL '5 days', 'CONFIRMED'),
(92, 21, NOW() - INTERVAL '6 days', 'CONFIRMED'),
(92, 15, NOW() - INTERVAL '7 days', 'CONFIRMED'),
(92, 9, NOW() - INTERVAL '8 days', 'CONFIRMED'),
(93, 46, NOW() - INTERVAL '2 days', 'CONFIRMED'),
(93, 41, NOW() - INTERVAL '3 days', 'CONFIRMED'),
(93, 36, NOW() - INTERVAL '4 days', 'CONFIRMED'),
(93, 31, NOW() - INTERVAL '5 days', 'CONFIRMED'),
(93, 26, NOW() - INTERVAL '6 days', 'CONFIRMED'),
(93, 21, NOW() - INTERVAL '7 days', 'CONFIRMED'),
(93, 16, NOW() - INTERVAL '8 days', 'CONFIRMED'),
(93, 11, NOW() - INTERVAL '9 days', 'CONFIRMED'),
(94, 47, NOW() - INTERVAL '2 days', 'CONFIRMED'),
(94, 43, NOW() - INTERVAL '3 days', 'CONFIRMED'),
(94, 39, NOW() - INTERVAL '4 days', 'CONFIRMED'),
(94, 35, NOW() - INTERVAL '5 days', 'CONFIRMED'),
(94, 31, NOW() - INTERVAL '6 days', 'CONFIRMED'),
(94, 27, NOW() - INTERVAL '7 days', 'CONFIRMED'),
(94, 23, NOW() - INTERVAL '8 days', 'CONFIRMED'),
(94, 19, NOW() - INTERVAL '9 days', 'CONFIRMED'),
(94, 15, NOW() - INTERVAL '10 days', 'CONFIRMED'),
(95, 48, NOW() - INTERVAL '2 days', 'CONFIRMED'),
(95, 45, NOW() - INTERVAL '3 days', 'CONFIRMED'),
(95, 42, NOW() - INTERVAL '4 days', 'CONFIRMED'),
(95, 39, NOW() - INTERVAL '5 days', 'CONFIRMED'),
(95, 36, NOW() - INTERVAL '6 days', 'CONFIRMED'),
(95, 33, NOW() - INTERVAL '7 days', 'CONFIRMED'),
(95, 30, NOW() - INTERVAL '8 days', 'CONFIRMED'),
(95, 27, NOW() - INTERVAL '9 days', 'CONFIRMED'),
(95, 24, NOW() - INTERVAL '10 days', 'CONFIRMED'),
(95, 21, NOW() - INTERVAL '11 days', 'CONFIRMED'),
(96, 49, NOW() - INTERVAL '2 days', 'CONFIRMED'),
(96, 47, NOW() - INTERVAL '3 days', 'CONFIRMED'),
(96, 45, NOW() - INTERVAL '4 days', 'CONFIRMED'),
(96, 43, NOW() - INTERVAL '5 days', 'CONFIRMED'),
(96, 41, NOW() - INTERVAL '6 days', 'CONFIRMED'),
(96, 39, NOW() - INTERVAL '7 days', 'CONFIRMED'),
(96, 37, NOW() - INTERVAL '8 days', 'CONFIRMED'),
(96, 35, NOW() - INTERVAL '9 days', 'CONFIRMED'),
(96, 33, NOW() - INTERVAL '10 days', 'CONFIRMED'),
(96, 31, NOW() - INTERVAL '11 days', 'CONFIRMED'),
(96, 29, NOW() - INTERVAL '12 days', 'CONFIRMED'),
(97, 50, NOW() - INTERVAL '2 days', 'CONFIRMED'),
(97, 49, NOW() - INTERVAL '3 days', 'CONFIRMED'),
(97, 48, NOW() - INTERVAL '4 days', 'CONFIRMED'),
(97, 47, NOW() - INTERVAL '5 days', 'CONFIRMED'),
(97, 46, NOW() - INTERVAL '6 days', 'CONFIRMED'),
(97, 45, NOW() - INTERVAL '7 days', 'CONFIRMED'),
(97, 44, NOW() - INTERVAL '8 days', 'CONFIRMED'),
(97, 43, NOW() - INTERVAL '9 days', 'CONFIRMED'),
(97, 42, NOW() - INTERVAL '10 days', 'CONFIRMED'),
(97, 41, NOW() - INTERVAL '11 days', 'CONFIRMED'),
(97, 40, NOW() - INTERVAL '12 days', 'CONFIRMED'),
(97, 39, NOW() - INTERVAL '13 days', 'CONFIRMED'),
(98, 2, NOW() - INTERVAL '2 days', 'CONFIRMED'),
(98, 2, NOW() - INTERVAL '3 days', 'CONFIRMED'),
(98, 2, NOW() - INTERVAL '4 days', 'CONFIRMED'),
(98, 2, NOW() - INTERVAL '5 days', 'CONFIRMED'),
(98, 2, NOW() - INTERVAL '6 days', 'CONFIRMED'),
(98, 2, NOW() - INTERVAL '7 days', 'CONFIRMED'),
(98, 2, NOW() - INTERVAL '8 days', 'CONFIRMED'),
(98, 2, NOW() - INTERVAL '9 days', 'CONFIRMED'),
(98, 2, NOW() - INTERVAL '10 days', 'CONFIRMED'),
(98, 2, NOW() - INTERVAL '11 days', 'CONFIRMED'),
(98, 2, NOW() - INTERVAL '12 days', 'CONFIRMED'),
(98, 2, NOW() - INTERVAL '13 days', 'CONFIRMED'),
(98, 2, NOW() - INTERVAL '14 days', 'CONFIRMED'),
(99, 3, NOW() - INTERVAL '2 days', 'CONFIRMED'),
(99, 4, NOW() - INTERVAL '3 days', 'CONFIRMED'),
(99, 5, NOW() - INTERVAL '4 days', 'CONFIRMED'),
(99, 6, NOW() - INTERVAL '5 days', 'CONFIRMED'),
(99, 7, NOW() - INTERVAL '6 days', 'CONFIRMED'),
(99, 8, NOW() - INTERVAL '7 days', 'CONFIRMED'),
(99, 9, NOW() - INTERVAL '8 days', 'CONFIRMED'),
(99, 10, NOW() - INTERVAL '9 days', 'CONFIRMED'),
(99, 11, NOW() - INTERVAL '10 days', 'CONFIRMED'),
(99, 12, NOW() - INTERVAL '11 days', 'CONFIRMED'),
(99, 13, NOW() - INTERVAL '12 days', 'CONFIRMED'),
(99, 14, NOW() - INTERVAL '13 days', 'CONFIRMED'),
(99, 15, NOW() - INTERVAL '14 days', 'CONFIRMED'),
(99, 16, NOW() - INTERVAL '15 days', 'CONFIRMED'),
(100, 4, NOW() - INTERVAL '2 days', 'CONFIRMED'),
(100, 6, NOW() - INTERVAL '3 days', 'CONFIRMED'),
(100, 8, NOW() - INTERVAL '4 days', 'CONFIRMED'),
(100, 10, NOW() - INTERVAL '5 days', 'CONFIRMED'),
(100, 12, NOW() - INTERVAL '6 days', 'CONFIRMED'),
(100, 14, NOW() - INTERVAL '7 days', 'CONFIRMED'),
(100, 16, NOW() - INTERVAL '8 days', 'CONFIRMED'),
(100, 18, NOW() - INTERVAL '9 days', 'CONFIRMED'),
(100, 20, NOW() - INTERVAL '10 days', 'CONFIRMED'),
(100, 22, NOW() - INTERVAL '11 days', 'CONFIRMED'),
(100, 24, NOW() - INTERVAL '12 days', 'CONFIRMED'),
(100, 26, NOW() - INTERVAL '13 days', 'CONFIRMED'),
(100, 28, NOW() - INTERVAL '14 days', 'CONFIRMED'),
(100, 30, NOW() - INTERVAL '15 days', 'CONFIRMED'),
(100, 32, NOW() - INTERVAL '16 days', 'CONFIRMED')
ON CONFLICT DO NOTHING;

SELECT setval('event_schema.events_id_seq', (SELECT MAX(id) FROM event_schema.events));
